{"stats":{"minecraft:custom":{"minecraft:interact_with_furnace":40,"spartanshields:shield_bash_hits":3,"minecraft:mob_kills":54,"minecraft:interact_with_crafting_table":14,"minecraft:leave_game":2,"minecraft:time_since_death":68025,"minecraft:damage_resisted":8,"minecraft:time_since_rest":68025,"minecraft:sprint_one_cm":147254,"minecraft:damage_taken":807,"minecraft:walk_one_cm":108302,"minecraft:damage_blocked_by_shield":435,"minecraft:drop":5,"minecraft:damage_dealt":6779,"minecraft:swim_one_cm":42618,"minecraft:fly_one_cm":251182,"minecraft:play_time":68025,"minecraft:crouch_one_cm":7096,"minecraft:sneak_time":2560,"minecraft:walk_under_water_one_cm":24941,"minecraft:jump":1355,"minecraft:walk_on_water_one_cm":20073,"minecraft:total_world_time":68025,"minecraft:fall_one_cm":36215},"minecraft:killed":{"alexsmobs:lobster":2,"minecraft:pig":1,"minecraft:spider":4,"aquaculture:gar":1,"aquaculture:jellyfish":1,"aquaculture:smallmouth_bass":2,"minecraft:creeper":2,"minecraft:skeleton":8,"minecraft:sheep":3,"aquaculture:minnow":2,"minecraft:zombie":8,"minecraft:chicken":4,"aquaculture:atlantic_herring":5,"alexsmobs:fly":1,"minecraft:drowned":2,"minecraft:turtle":1,"alexsmobs:flying_fish":6,"minecraft:enderman":1},"minecraft:crafted":{"minecraft:oak_planks":40,"minecraft:cooked_porkchop":2,"alexsmobs:cooked_lobster_tail":3,"minecraft:crafting_table":2,"minecraft:wooden_pickaxe":1,"minecraft:cooked_chicken":4,"minecraft:furnace":1,"spartanshields:stone_basic_shield":1,"minecraft:stone_axe":2,"minecraft:cooked_mutton":5,"minecraft:air":0,"aquaculture:fish_fillet_raw":13,"minecraft:white_wool":1,"minecraft:white_dye":1,"minecraft:stick":32,"minecraft:stone_pickaxe":3,"aquaculture:stone_fillet_knife":1,"spartanshields:wooden_basic_shield":1,"aquaculture:fish_fillet_cooked":13,"alexsmobs:flying_fish_boots":1},"minecraft:broken":{"minecraft:stone_pickaxe":1,"minecraft:stone_axe":1},"minecraft:picked_up":{"minecraft:nautilus_shell":1,"minecraft:crafting_table":4,"minecraft:chicken":4,"minecraft:oak_log":10,"minecraft:dirt":25,"minecraft:string":4,"minecraft:raw_copper":56,"minecraft:bone":7,"minecraft:apple":1,"aquaculture:minnow":2,"aquaculture:atlantic_herring":5,"minecraft:furnace":2,"aquaculture:jellyfish":1,"aquaculture:smallmouth_bass":2,"minecraft:stick":1,"minecraft:raw_iron":15,"aquaculture:gar":1,"minecraft:porkchop":2,"minecraft:diorite":1,"minecraft:spider_eye":1,"minecraft:arrow":11,"minecraft:rotten_flesh":9,"regions_unexplored:fireweed":1,"regions_unexplored:mauve_log":5,"minecraft:granite":7,"minecraft:bone_meal":1,"minecraft:oak_sapling":5,"minecraft:black_wool":1,"minecraft:mutton":5,"alexsmobs:lobster_tail":3,"minecraft:coal":109,"alexsmobs:flying_fish":5,"minecraft:white_wool":2,"minecraft:cobblestone":81},"minecraft:dropped":{"regions_unexplored:fireweed":1,"minecraft:rotten_flesh":1,"aquaculture:minnow":2,"minecraft:apple":1,"minecraft:string":1},"minecraft:used":{"minecraft:cooked_mutton":5,"minecraft:stone_pickaxe":178,"alexsmobs:flying_fish_boots":1,"minecraft:wooden_pickaxe":16,"minecraft:cooked_chicken":3,"minecraft:rotten_flesh":5,"minecraft:dirt":17,"minecraft:crafting_table":5,"minecraft:granite":7,"alexsmobs:flying_fish":1,"spartanshields:stone_basic_shield":17,"alexsmobs:cooked_lobster_tail":3,"minecraft:stone_axe":104,"minecraft:cobblestone":14,"minecraft:furnace":2,"aquaculture:fish_fillet_cooked":5},"minecraft:mined":{"minecraft:crafting_table":4,"minecraft:granite":7,"minecraft:grass_block":5,"minecraft:tall_grass":1,"minecraft:copper_ore":18,"regions_unexplored:mauve_log":5,"minecraft:diorite":1,"minecraft:seagrass":1,"regions_unexplored:hyssop":1,"minecraft:furnace":2,"minecraft:iron_ore":15,"minecraft:grass":8,"minecraft:oak_log":10,"minecraft:coal_ore":68,"minecraft:dirt":4,"minecraft:stone":81,"minecraft:oak_leaves":9}},"DataVersion":3465}