{"stats":{"minecraft:killed":{"alexsmobs:lobster":2,"minecraft:spider":6,"aquaculture:gar":1,"aquaculture:smallmouth_bass":2,"aquaculture:muskellunge":1,"minecraft:skeleton":22,"minecraft:chicken":4,"aquaculture:brown_trout":4,"aquaculture:atlantic_herring":5,"minecraft:drowned":6,"minecraft:turtle":1,"alexsmobs:flying_fish":6,"aquaculture:carp":1,"minecraft:pig":1,"farlanders:rebel":2,"aquaculture:jellyfish":1,"minecraft:creeper":6,"minecraft:sheep":7,"aquaculture:minnow":3,"minecraft:zombie":25,"alexsmobs:fly":1,"minecraft:enderman":1,"minecraft:cow":7},"minecraft:custom":{"minecraft:mob_kills":118,"minecraft:interact_with_crafting_table":39,"minecraft:damage_dealt_resisted":336,"minecraft:leave_game":4,"minecraft:time_since_death":156544,"minecraft:damage_resisted":8,"minecraft:climb_one_cm":863,"minecraft:sprint_one_cm":760343,"minecraft:walk_one_cm":369197,"minecraft:damage_blocked_by_shield":1030,"minecraft:drop":48,"minecraft:damage_dealt_absorbed":33,"minecraft:talked_to_villager":4,"minecraft:play_time":252218,"minecraft:sneak_time":7733,"minecraft:deaths":3,"minecraft:walk_under_water_one_cm":56792,"minecraft:jump":5213,"minecraft:walk_on_water_one_cm":77228,"minecraft:total_world_time":252218,"minecraft:interact_with_furnace":110,"spartanshields:shield_bash_hits":3,"minecraft:sleep_in_bed":12,"minecraft:time_since_rest":17610,"minecraft:waystone_activated":2,"minecraft:damage_taken":4135,"minecraft:damage_dealt":17059,"minecraft:swim_one_cm":138114,"minecraft:fly_one_cm":1263914,"minecraft:open_chest":95,"minecraft:crouch_one_cm":16289,"minecraft:fall_one_cm":162494},"minecraft:mined":{"minecraft:white_bed":3,"minecraft:spruce_planks":1,"minecraft:mossy_cobblestone":2,"farmersdelight:wild_carrots":1,"regions_unexplored:magnolia_log":13,"minecraft:granite":12,"minecraft:grass_block":59,"minecraft:spruce_fence":1,"minecraft:spruce_leaves":1,"quark:orange_corundum_cluster":2,"minecraft:hay_block":1,"minecraft:tall_seagrass":1,"minecraft:furnace":5,"minecraft:iron_ore":76,"minecraft:fire":16,"minecraft:andesite":2,"minecraft:potatoes":1,"minecraft:dirt_path":4,"minecraft:iron_bars":2,"regions_unexplored:medium_grass":9,"regions_unexplored:day_lily":1,"minecraft:stone":128,"minecraft:spruce_slab":1,"minecraft:oak_fence":1,"minecraft:crafting_table":7,"regions_unexplored:pink_magnolia_leaves":3,"minecraft:tall_grass":6,"minecraft:copper_ore":53,"regions_unexplored:mauve_log":14,"minecraft:diorite":5,"minecraft:seagrass":1,"regions_unexplored:hyssop":1,"regions_unexplored:mauve_leaves":1,"minecraft:grass":17,"graveyard:dark_iron_bars":1,"minecraft:oak_log":16,"minecraft:coal_ore":167,"minecraft:gravel":114,"minecraft:dirt":8,"minecraft:cracked_stone_bricks":2,"minecraft:stone_bricks":6,"minecraft:mossy_stone_bricks":2,"minecraft:oak_leaves":10},"minecraft:used":{"minecraft:oak_trapdoor":1,"minecraft:stone_sword":1,"minecraft:stone_shovel":88,"minecraft:oak_sign":2,"minecraft:cooked_chicken":4,"regions_unexplored:mauve_log":2,"minecraft:stone_hoe":25,"minecraft:rotten_flesh":8,"minecraft:iron_chestplate":1,"minecraft:torch":1,"minecraft:dirt":33,"minecraft:carrot":1,"regions_unexplored:magnolia_log":1,"minecraft:granite":7,"regions_unexplored:day_lily":2,"minecraft:lantern":1,"alexsmobs:cooked_lobster_tail":3,"minecraft:furnace":6,"minecraft:cooked_beef":12,"aquaculture:fish_fillet_cooked":26,"minecraft:potato":6,"alexsdelight:cooked_bison":1,"minecraft:cooked_mutton":12,"minecraft:water_bucket":12,"minecraft:stone_pickaxe":473,"alexsmobs:flying_fish_boots":1,"minecraft:wooden_pickaxe":16,"minecraft:crafting_table":10,"minecraft:white_bed":4,"alexsmobs:flying_fish":1,"spartanshields:stone_basic_shield":36,"minecraft:bread":5,"minecraft:gravel":65,"minecraft:stone_axe":303,"minecraft:cobblestone":66,"minecraft:cooked_porkchop":2,"minecraft:bucket":13},"minecraft:killed_by":{"minecraft:player":1},"minecraft:picked_up":{"minecraft:crafting_table":7,"minecraft:chicken":4,"minecraft:flower_pot":1,"regions_unexplored:magnolia_log":15,"minecraft:shield":2,"minecraft:string":9,"minecraft:oak_trapdoor":1,"aquaculture:muskellunge":1,"minecraft:raw_copper":179,"alexsdelight:cooked_bison":1,"minecraft:cracked_stone_bricks":2,"minecraft:spruce_planks":2,"minecraft:beef":14,"minecraft:spruce_slab":1,"minecraft:sugar_cane":6,"minecraft:egg":1,"minecraft:furnace":5,"quark:orange_corundum_cluster":2,"regions_unexplored:day_lily":2,"farlanders:rebel_farlander_helmet":1,"minecraft:stick":1,"minecraft:raw_iron":74,"minecraft:oak_fence":1,"sophisticatedbackpacks:backpack":2,"minecraft:spruce_fence":1,"minecraft:porkchop":2,"minecraft:diorite":7,"minecraft:carrot":1,"minecraft:arrow":27,"minecraft:rotten_flesh":26,"regions_unexplored:tsubaki":4,"regions_unexplored:mauve_log":14,"aquaculture:brown_trout":4,"minecraft:hay_block":1,"aquaculture:carp":1,"minecraft:mutton":12,"minecraft:iron_bars":2,"alexsmobs:lobster_tail":3,"alexsmobs:flying_fish":5,"minecraft:white_wool":5,"minecraft:cobblestone":127,"minecraft:nautilus_shell":1,"minecraft:andesite":2,"minecraft:leather":8,"minecraft:potato":5,"minecraft:flint":13,"minecraft:oak_log":15,"minecraft:gunpowder":4,"minecraft:dirt":164,"minecraft:lantern":1,"minecraft:bone":22,"minecraft:apple":1,"minecraft:stone_bricks":3,"minecraft:bow":3,"minecraft:wheat_seeds":8,"minecraft:stone_pickaxe":3,"minecraft:mossy_stone_bricks":1,"aquaculture:minnow":2,"aquaculture:atlantic_herring":5,"aquaculture:jellyfish":1,"aquaculture:smallmouth_bass":2,"aquaculture:gar":1,"minecraft:gravel":100,"minecraft:ink_sac":1,"minecraft:white_bed":3,"minecraft:spider_eye":1,"minecraft:mossy_cobblestone":2,"minecraft:iron_hoe":1,"regions_unexplored:fireweed":1,"minecraft:stone_axe":3,"waystones:waystone":1,"minecraft:granite":9,"minecraft:bone_meal":1,"minecraft:oak_sapling":5,"minecraft:black_wool":2,"minecraft:coal":353},"minecraft:dropped":{"regions_unexplored:fireweed":1,"minecraft:wheat_seeds":1,"regions_unexplored:magnolia_log":1,"minecraft:mossy_cobblestone":2,"quark:orange_corundum_cluster":2,"minecraft:oak_fence":1,"minecraft:apple":1,"aquaculture:minnow":2,"minecraft:granite":2,"minecraft:dirt":66,"minecraft:diorite":6,"minecraft:ink_sac":1,"minecraft:paper":6,"minecraft:string":2,"minecraft:stone_axe":6,"minecraft:rotten_flesh":6,"minecraft:iron_hoe":1,"sophisticatedbackpacks:backpack":2,"minecraft:shield":2,"minecraft:flower_pot":1,"minecraft:spruce_planks":1,"minecraft:andesite":2,"minecraft:spider_eye":1,"minecraft:spruce_slab":1,"minecraft:wooden_pickaxe":1,"minecraft:stone_pickaxe":7,"minecraft:black_wool":1},"minecraft:crafted":{"minecraft:oak_planks":60,"aether:iron_ring":1,"minecraft:stone_shovel":1,"minecraft:oak_sign":3,"minecraft:cooked_chicken":4,"minecraft:furnace":2,"minecraft:bone_meal":9,"minecraft:cooked_mutton":12,"minecraft:iron_bars":32,"aquaculture:fish_fillet_raw":26,"minecraft:iron_boots":1,"minecraft:stone_pickaxe":7,"aquaculture:fish_fillet_cooked":26,"alexsmobs:flying_fish_boots":1,"minecraft:stone_hoe":1,"minecraft:wheat":9,"minecraft:cooked_beef":12,"sophisticatedbackpacks:backpack":1,"minecraft:cooked_porkchop":2,"alexsmobs:cooked_lobster_tail":3,"minecraft:crafting_table":3,"minecraft:wooden_pickaxe":1,"minecraft:iron_helmet":1,"minecraft:copper_ingot":183,"spartanshields:stone_basic_shield":1,"minecraft:bucket":1,"minecraft:stone_axe":5,"minecraft:bread":3,"minecraft:air":0,"aether:iron_gloves":1,"minecraft:white_wool":1,"minecraft:white_dye":1,"minecraft:stick":44,"quark:oak_chest":1,"minecraft:iron_ingot":69,"aquaculture:stone_fillet_knife":1,"minecraft:stone_sword":1,"minecraft:iron_leggings":1,"spartanshields:wooden_basic_shield":1,"minecraft:white_bed":1,"minecraft:torch":4},"minecraft:broken":{"minecraft:stone_pickaxe":2,"minecraft:stone_axe":3}},"DataVersion":3465}