{"stats":{"minecraft:custom":{"minecraft:interact_with_furnace":32,"spartanshields:shield_bash_hits":2,"minecraft:mob_kills":26,"minecraft:interact_with_crafting_table":12,"minecraft:leave_game":1,"minecraft:time_since_death":37351,"minecraft:time_since_rest":37351,"minecraft:sprint_one_cm":65868,"minecraft:damage_taken":250,"minecraft:walk_one_cm":41365,"minecraft:damage_blocked_by_shield":140,"minecraft:drop":3,"minecraft:damage_dealt":2717,"minecraft:swim_one_cm":35766,"minecraft:fly_one_cm":81460,"minecraft:crouch_one_cm":2849,"minecraft:sneak_time":819,"minecraft:play_time":37351,"minecraft:walk_under_water_one_cm":20998,"minecraft:jump":472,"minecraft:walk_on_water_one_cm":16269,"minecraft:total_world_time":37351,"minecraft:fall_one_cm":12157},"minecraft:killed":{"alexsmobs:lobster":2,"minecraft:spider":2,"aquaculture:jellyfish":1,"minecraft:creeper":1,"minecraft:sheep":2,"minecraft:skeleton":1,"aquaculture:minnow":2,"alexsmobs:fly":1,"minecraft:drowned":2,"aquaculture:atlantic_herring":5,"minecraft:turtle":1,"alexsmobs:flying_fish":6},"minecraft:crafted":{"minecraft:oak_planks":24,"alexsmobs:cooked_lobster_tail":3,"minecraft:crafting_table":1,"minecraft:wooden_pickaxe":1,"minecraft:furnace":1,"spartanshields:stone_basic_shield":1,"minecraft:stone_axe":1,"minecraft:cooked_mutton":4,"minecraft:air":0,"aquaculture:fish_fillet_raw":5,"minecraft:stick":24,"minecraft:stone_pickaxe":1,"aquaculture:stone_fillet_knife":1,"spartanshields:wooden_basic_shield":1,"aquaculture:fish_fillet_cooked":5,"alexsmobs:flying_fish_boots":1},"minecraft:picked_up":{"minecraft:nautilus_shell":1,"minecraft:crafting_table":2,"minecraft:oak_log":6,"minecraft:dirt":5,"minecraft:string":3,"minecraft:bone":1,"minecraft:apple":1,"aquaculture:minnow":2,"aquaculture:atlantic_herring":5,"aquaculture:jellyfish":1,"minecraft:furnace":1,"minecraft:stick":1,"minecraft:spider_eye":1,"minecraft:rotten_flesh":3,"minecraft:bone_meal":1,"minecraft:oak_sapling":5,"minecraft:black_wool":1,"minecraft:mutton":4,"minecraft:white_wool":1,"alexsmobs:lobster_tail":3,"alexsmobs:flying_fish":5,"minecraft:cobblestone":41},"minecraft:dropped":{"minecraft:apple":1,"aquaculture:minnow":2,"minecraft:string":1},"minecraft:used":{"minecraft:cooked_mutton":3,"minecraft:stone_pickaxe":28,"alexsmobs:flying_fish_boots":1,"minecraft:wooden_pickaxe":16,"minecraft:rotten_flesh":3,"minecraft:dirt":3,"minecraft:crafting_table":3,"alexsmobs:flying_fish":1,"spartanshields:stone_basic_shield":6,"minecraft:stone_axe":45,"minecraft:furnace":1,"aquaculture:fish_fillet_cooked":1},"minecraft:mined":{"minecraft:crafting_table":2,"minecraft:grass_block":4,"minecraft:tall_grass":1,"minecraft:furnace":1,"minecraft:grass":2,"minecraft:oak_log":6,"minecraft:dirt":1,"minecraft:stone":41,"minecraft:oak_leaves":9}},"DataVersion":3465}