{"stats":{"minecraft:killed":{"alexsmobs:lobster":2,"minecraft:witch":1,"minecraft:spider":10,"aquaculture:gar":1,"aquaculture:smallmouth_bass":2,"aquaculture:muskellunge":1,"minecraft:skeleton":35,"minecraft:chicken":4,"aquaculture:brown_trout":4,"aquaculture:atlantic_herring":5,"minecraft:drowned":6,"minecraft:turtle":1,"alexsmobs:flying_fish":6,"aquaculture:carp":1,"minecraft:pig":1,"farlanders:looter":1,"farlanders:rebel":2,"aquaculture:jellyfish":1,"minecraft:creeper":11,"minecraft:squid":1,"minecraft:sheep":7,"minecraft:trader_llama":2,"aquaculture:minnow":3,"minecraft:zombie":67,"alexsmobs:fly":1,"minecraft:enderman":1,"minecraft:cow":7},"minecraft:custom":{"minecraft:mob_kills":187,"minecraft:inspect_hopper":1,"minecraft:interact_with_crafting_table":55,"minecraft:damage_dealt_resisted":336,"minecraft:leave_game":5,"minecraft:time_since_death":299809,"minecraft:damage_resisted":8,"minecraft:climb_one_cm":863,"minecraft:sprint_one_cm":1074988,"minecraft:walk_one_cm":758611,"minecraft:damage_blocked_by_shield":1235,"minecraft:drop":61,"minecraft:damage_dealt_absorbed":193,"minecraft:talked_to_villager":6,"minecraft:play_time":395483,"minecraft:sneak_time":10459,"minecraft:deaths":3,"minecraft:walk_under_water_one_cm":77706,"minecraft:jump":6642,"minecraft:walk_on_water_one_cm":110061,"minecraft:total_world_time":395483,"minecraft:interact_with_furnace":142,"spartanshields:shield_bash_hits":4,"minecraft:sleep_in_bed":18,"minecraft:time_since_rest":8962,"minecraft:waystone_activated":2,"minecraft:damage_taken":5612,"minecraft:damage_absorbed":40,"minecraft:damage_dealt":30148,"minecraft:swim_one_cm":156036,"minecraft:fly_one_cm":1474167,"minecraft:open_chest":203,"minecraft:crouch_one_cm":21450,"minecraft:fall_one_cm":195028},"minecraft:mined":{"regions_unexplored:spruce_shrub":2,"minecraft:white_bed":3,"minecraft:spruce_planks":1,"minecraft:mossy_cobblestone":9,"minecraft:cobblestone_stairs":1,"farmersdelight:wild_carrots":18,"regions_unexplored:magnolia_log":13,"minecraft:granite":15,"minecraft:spruce_fence":1,"minecraft:grass_block":59,"regions_unexplored:purple_coneflower":1,"minecraft:spruce_leaves":1,"quark:orange_corundum_cluster":2,"minecraft:hay_block":1,"minecraft:tall_seagrass":1,"minecraft:furnace":5,"minecraft:iron_ore":83,"minecraft:fire":17,"minecraft:andesite":2,"minecraft:bell":1,"minecraft:potatoes":25,"minecraft:dirt_path":4,"minecraft:iron_bars":2,"regions_unexplored:medium_grass":45,"minecraft:stone":159,"regions_unexplored:day_lily":1,"minecraft:spruce_slab":1,"minecraft:soul_sand":5,"minecraft:oak_fence":1,"minecraft:crafting_table":7,"minecraft:torch":1,"minecraft:polished_andesite_stairs":3,"regions_unexplored:pink_magnolia_leaves":3,"minecraft:cobblestone":30,"minecraft:copper_ore":76,"minecraft:tall_grass":18,"regions_unexplored:mauve_log":16,"minecraft:diorite":20,"regions_unexplored:tsubaki":1,"minecraft:seagrass":1,"regions_unexplored:hyssop":1,"regions_unexplored:mauve_leaves":1,"minecraft:smooth_stone_slab":10,"minecraft:grass":26,"graveyard:dark_iron_bars":1,"minecraft:oak_log":16,"minecraft:coal_ore":270,"minecraft:gravel":145,"minecraft:dirt":10,"minecraft:cracked_stone_bricks":2,"minecraft:polished_andesite":1,"minecraft:stone_bricks":6,"minecraft:mossy_stone_bricks":2,"minecraft:oak_leaves":10,"minecraft:fern":2},"minecraft:used":{"minecraft:oak_trapdoor":1,"minecraft:stone_sword":31,"minecraft:stone_shovel":88,"minecraft:oak_sign":2,"minecraft:chest":2,"minecraft:bell":2,"minecraft:cooked_chicken":4,"regions_unexplored:mauve_log":4,"minecraft:stone_hoe":67,"minecraft:rotten_flesh":29,"minecraft:iron_chestplate":1,"minecraft:torch":79,"minecraft:soul_sand":3,"minecraft:dirt":35,"minecraft:carrot":38,"regions_unexplored:magnolia_log":1,"minecraft:granite":8,"minecraft:lantern":1,"regions_unexplored:day_lily":2,"alexsmobs:cooked_lobster_tail":3,"minecraft:polished_andesite_stairs":1,"minecraft:bow":17,"minecraft:furnace":6,"minecraft:cooked_beef":12,"aquaculture:fish_fillet_cooked":26,"minecraft:potato":61,"farmersdelight:fried_egg":3,"alexsdelight:cooked_bison":1,"regions_unexplored:spruce_shrub":1,"minecraft:cooked_mutton":12,"minecraft:water_bucket":19,"minecraft:stone_pickaxe":708,"minecraft:baked_potato":10,"alexsmobs:flying_fish_boots":1,"minecraft:wooden_pickaxe":16,"regions_unexplored:tsubaki":4,"minecraft:golden_apple":2,"minecraft:mossy_cobblestone":1,"minecraft:crafting_table":10,"minecraft:white_bed":4,"alexsmobs:flying_fish":1,"minecraft:apple":1,"spartanshields:stone_basic_shield":43,"minecraft:bread":6,"minecraft:gravel":96,"minecraft:stone_axe":489,"minecraft:cobblestone":77,"minecraft:cooked_porkchop":2,"minecraft:bucket":20},"minecraft:killed_by":{"minecraft:player":1},"minecraft:picked_up":{"minecraft:crafting_table":7,"minecraft:diamond_sword":1,"minecraft:lead":1,"minecraft:chicken":4,"minecraft:flower_pot":1,"regions_unexplored:magnolia_log":15,"minecraft:shield":2,"minecraft:string":18,"minecraft:oak_trapdoor":1,"aquaculture:muskellunge":1,"minecraft:raw_copper":271,"minecraft:smooth_stone_slab":5,"regions_unexplored:spruce_shrub":2,"alexsdelight:cooked_bison":1,"minecraft:zombie_head":1,"minecraft:cracked_stone_bricks":2,"minecraft:spruce_planks":2,"minecraft:beef":14,"minecraft:spruce_slab":1,"minecraft:sugar_cane":6,"minecraft:furnace":5,"quark:orange_corundum_cluster":2,"minecraft:egg":1,"farlanders:rebel_farlander_helmet":2,"minecraft:stick":1,"minecraft:raw_iron":81,"regions_unexplored:day_lily":2,"minecraft:torch":3,"minecraft:oak_fence":1,"sophisticatedbackpacks:backpack":3,"minecraft:spruce_fence":1,"minecraft:porkchop":2,"minecraft:diorite":21,"minecraft:carrot":18,"regions_unexplored:purple_coneflower":2,"minecraft:arrow":35,"minecraft:rotten_flesh":69,"regions_unexplored:tsubaki":5,"regions_unexplored:mauve_log":16,"aquaculture:brown_trout":4,"minecraft:hay_block":1,"minecraft:gold_ingot":8,"aquaculture:carp":1,"minecraft:mutton":12,"minecraft:iron_bars":2,"alexsmobs:lobster_tail":3,"alexsmobs:flying_fish":5,"minecraft:white_wool":5,"minecraft:cobblestone":165,"minecraft:nautilus_shell":1,"minecraft:andesite":2,"minecraft:leather":9,"minecraft:potato":87,"minecraft:flint":16,"minecraft:oak_log":15,"minecraft:gunpowder":6,"minecraft:dirt":166,"minecraft:lantern":1,"minecraft:bone":32,"minecraft:apple":6,"minecraft:stone_bricks":3,"minecraft:bow":5,"minecraft:wheat_seeds":18,"minecraft:bell":1,"minecraft:stone_pickaxe":3,"minecraft:mossy_stone_bricks":1,"aquaculture:minnow":2,"minecraft:iron_sword":2,"minecraft:soul_sand":5,"aquaculture:atlantic_herring":5,"minecraft:polished_andesite_stairs":4,"aquaculture:jellyfish":1,"aquaculture:smallmouth_bass":2,"aquaculture:gar":1,"minecraft:gravel":127,"minecraft:ink_sac":4,"minecraft:white_bed":3,"minecraft:spider_eye":1,"minecraft:mossy_cobblestone":3,"minecraft:iron_hoe":2,"regions_unexplored:fireweed":1,"minecraft:diamond":1,"minecraft:stone_axe":4,"waystones:waystone":1,"minecraft:granite":11,"minecraft:bone_meal":1,"minecraft:oak_sapling":5,"minecraft:black_wool":2,"minecraft:coal":456},"minecraft:dropped":{"minecraft:stone_hoe":1,"minecraft:soul_sand":2,"regions_unexplored:fireweed":1,"minecraft:wheat_seeds":4,"regions_unexplored:magnolia_log":1,"minecraft:mossy_cobblestone":2,"minecraft:diamond":1,"farlanders:rebel_farlander_helmet":1,"quark:orange_corundum_cluster":2,"minecraft:oak_fence":1,"minecraft:apple":1,"aquaculture:minnow":2,"minecraft:granite":3,"minecraft:dirt":66,"minecraft:diorite":20,"minecraft:ink_sac":1,"minecraft:paper":6,"minecraft:string":2,"minecraft:stone_axe":6,"minecraft:rotten_flesh":7,"minecraft:iron_hoe":3,"sophisticatedbackpacks:backpack":2,"minecraft:shield":5,"minecraft:flower_pot":1,"minecraft:spruce_planks":1,"minecraft:andesite":2,"minecraft:spider_eye":1,"minecraft:spruce_slab":1,"minecraft:wooden_pickaxe":1,"minecraft:stone_pickaxe":7,"minecraft:black_wool":1},"minecraft:crafted":{"minecraft:black_dye":3,"minecraft:oak_planks":60,"aether:iron_ring":1,"minecraft:stone_shovel":1,"minecraft:oak_sign":3,"minecraft:iron_nugget":9,"minecraft:chain":1,"minecraft:cooked_chicken":4,"minecraft:furnace":2,"minecraft:bone_meal":9,"spartanshields:copper_basic_shield":1,"minecraft:cooked_mutton":12,"minecraft:iron_bars":48,"aquaculture:fish_fillet_raw":26,"regions_unexplored:mauve_planks":32,"minecraft:iron_boots":1,"minecraft:bow":3,"minecraft:stone_pickaxe":7,"minecraft:chest":2,"aquaculture:fish_fillet_cooked":26,"alexsmobs:flying_fish_boots":1,"minecraft:stone_hoe":1,"regions_unexplored:magnolia_planks":16,"sophisticatedbackpacks:iron_backpack":3,"minecraft:wheat":9,"minecraft:cooked_beef":12,"minecraft:red_dye":1,"sophisticatedbackpacks:backpack":1,"minecraft:cooked_porkchop":2,"alexsmobs:cooked_lobster_tail":3,"minecraft:crafting_table":3,"minecraft:baked_potato":10,"minecraft:wooden_pickaxe":1,"minecraft:iron_helmet":1,"minecraft:copper_ingot":257,"spartanshields:stone_basic_shield":1,"sophisticatedbackpacks:gold_backpack":1,"minecraft:bucket":1,"minecraft:stone_axe":5,"minecraft:bread":3,"minecraft:air":0,"aether:iron_gloves":1,"farmersdelight:fried_egg":3,"minecraft:white_wool":1,"minecraft:white_dye":1,"minecraft:stick":80,"quark:oak_chest":1,"minecraft:iron_ingot":81,"aquaculture:stone_fillet_knife":1,"minecraft:stone_sword":1,"minecraft:iron_leggings":1,"spartanshields:wooden_basic_shield":2,"minecraft:white_bed":1,"minecraft:torch":132},"minecraft:broken":{"minecraft:stone_pickaxe":3,"minecraft:stone_axe":6}},"DataVersion":3465}