{"stats":{"minecraft:custom":{"minecraft:time_since_rest":25351,"minecraft:sprint_one_cm":37890,"minecraft:damage_taken":50,"minecraft:walk_one_cm":26512,"minecraft:mob_kills":7,"minecraft:drop":2,"minecraft:damage_dealt":1122,"minecraft:interact_with_crafting_table":7,"minecraft:swim_one_cm":17785,"minecraft:fly_one_cm":18398,"minecraft:crouch_one_cm":2849,"minecraft:walk_under_water_one_cm":11157,"minecraft:play_time":25351,"minecraft:sneak_time":732,"minecraft:jump":198,"minecraft:leave_game":1,"minecraft:time_since_death":25351,"minecraft:walk_on_water_one_cm":8168,"minecraft:total_world_time":25351,"minecraft:fall_one_cm":4819},"minecraft:killed":{"aquaculture:minnow":2,"minecraft:drowned":2,"alexsmobs:fly":1,"minecraft:turtle":1,"aquaculture:jellyfish":1},"minecraft:crafted":{"minecraft:oak_planks":24,"minecraft:crafting_table":1,"minecraft:stick":12,"minecraft:wooden_pickaxe":1,"minecraft:stone_pickaxe":1,"minecraft:furnace":1,"spartanshields:wooden_basic_shield":1,"spartanshields:stone_basic_shield":1,"minecraft:stone_axe":1},"minecraft:picked_up":{"minecraft:nautilus_shell":1,"minecraft:stick":1,"minecraft:crafting_table":1,"minecraft:oak_log":6,"minecraft:dirt":5,"minecraft:rotten_flesh":3,"minecraft:apple":1,"aquaculture:minnow":2,"minecraft:oak_sapling":5,"minecraft:cobblestone":41,"aquaculture:jellyfish":1},"minecraft:dropped":{"aquaculture:minnow":2,"minecraft:apple":1},"minecraft:used":{"minecraft:stone_pickaxe":27,"minecraft:wooden_pickaxe":16,"minecraft:rotten_flesh":3,"minecraft:stone_axe":18,"minecraft:dirt":3,"minecraft:crafting_table":1},"minecraft:mined":{"minecraft:crafting_table":1,"minecraft:grass_block":4,"minecraft:oak_log":6,"minecraft:dirt":1,"minecraft:stone":41,"minecraft:oak_leaves":9}},"DataVersion":3465}