{"stats":{"minecraft:custom":{"minecraft:interact_with_furnace":32,"spartanshields:shield_bash_hits":2,"minecraft:mob_kills":33,"minecraft:interact_with_crafting_table":12,"minecraft:leave_game":1,"minecraft:time_since_death":49351,"minecraft:time_since_rest":49351,"minecraft:sprint_one_cm":95276,"minecraft:damage_taken":360,"minecraft:walk_one_cm":64664,"minecraft:damage_blocked_by_shield":240,"minecraft:drop":3,"minecraft:damage_dealt":3927,"minecraft:swim_one_cm":35766,"minecraft:fly_one_cm":127227,"minecraft:crouch_one_cm":6196,"minecraft:sneak_time":2251,"minecraft:play_time":49351,"minecraft:walk_under_water_one_cm":20998,"minecraft:jump":731,"minecraft:walk_on_water_one_cm":16582,"minecraft:total_world_time":49351,"minecraft:fall_one_cm":21016},"minecraft:killed":{"alexsmobs:lobster":2,"minecraft:spider":3,"aquaculture:jellyfish":1,"minecraft:creeper":1,"minecraft:sheep":2,"minecraft:skeleton":3,"aquaculture:minnow":2,"minecraft:zombie":1,"minecraft:chicken":2,"alexsmobs:fly":1,"minecraft:drowned":2,"aquaculture:atlantic_herring":5,"minecraft:turtle":1,"alexsmobs:flying_fish":6,"minecraft:enderman":1},"minecraft:crafted":{"minecraft:oak_planks":24,"alexsmobs:cooked_lobster_tail":3,"minecraft:crafting_table":1,"minecraft:wooden_pickaxe":1,"minecraft:furnace":1,"spartanshields:stone_basic_shield":1,"minecraft:stone_axe":1,"minecraft:cooked_mutton":4,"minecraft:air":0,"aquaculture:fish_fillet_raw":5,"minecraft:stick":24,"minecraft:stone_pickaxe":1,"aquaculture:stone_fillet_knife":1,"spartanshields:wooden_basic_shield":1,"aquaculture:fish_fillet_cooked":5,"alexsmobs:flying_fish_boots":1},"minecraft:picked_up":{"minecraft:nautilus_shell":1,"minecraft:crafting_table":2,"minecraft:chicken":2,"minecraft:oak_log":6,"minecraft:dirt":9,"minecraft:string":4,"minecraft:raw_copper":34,"minecraft:bone":2,"minecraft:apple":1,"aquaculture:minnow":2,"aquaculture:atlantic_herring":5,"aquaculture:jellyfish":1,"minecraft:furnace":1,"minecraft:raw_iron":15,"minecraft:stick":1,"minecraft:spider_eye":1,"minecraft:arrow":3,"minecraft:rotten_flesh":4,"regions_unexplored:fireweed":1,"minecraft:granite":7,"minecraft:bone_meal":1,"minecraft:oak_sapling":5,"minecraft:black_wool":1,"minecraft:mutton":4,"minecraft:coal":43,"minecraft:white_wool":1,"alexsmobs:lobster_tail":3,"alexsmobs:flying_fish":5,"minecraft:cobblestone":64},"minecraft:dropped":{"minecraft:apple":1,"aquaculture:minnow":2,"minecraft:string":1},"minecraft:used":{"minecraft:cooked_mutton":3,"minecraft:stone_pickaxe":127,"alexsmobs:flying_fish_boots":1,"minecraft:wooden_pickaxe":16,"minecraft:rotten_flesh":3,"minecraft:dirt":9,"minecraft:crafting_table":3,"minecraft:granite":7,"alexsmobs:flying_fish":1,"spartanshields:stone_basic_shield":10,"minecraft:stone_axe":59,"minecraft:cobblestone":7,"minecraft:furnace":1,"aquaculture:fish_fillet_cooked":4},"minecraft:mined":{"minecraft:crafting_table":2,"minecraft:granite":7,"minecraft:grass_block":5,"minecraft:copper_ore":11,"minecraft:tall_grass":1,"minecraft:furnace":1,"minecraft:iron_ore":15,"minecraft:grass":2,"minecraft:coal_ore":43,"minecraft:oak_log":6,"minecraft:dirt":4,"minecraft:stone":64,"minecraft:oak_leaves":9}},"DataVersion":3465}