{"stats":{"minecraft:custom":{"minecraft:interact_with_furnace":58,"spartanshields:shield_bash_hits":3,"minecraft:mob_kills":78,"minecraft:interact_with_crafting_table":20,"minecraft:damage_dealt_resisted":212,"minecraft:leave_game":3,"minecraft:time_since_death":25183,"minecraft:sleep_in_bed":4,"minecraft:damage_resisted":8,"minecraft:waystone_activated":1,"minecraft:time_since_rest":9246,"minecraft:sprint_one_cm":378741,"minecraft:damage_taken":2601,"minecraft:walk_one_cm":185314,"minecraft:damage_blocked_by_shield":555,"minecraft:drop":16,"minecraft:damage_dealt":10473,"minecraft:swim_one_cm":85084,"minecraft:talked_to_villager":3,"minecraft:fly_one_cm":614964,"minecraft:play_time":120857,"minecraft:crouch_one_cm":12818,"minecraft:sneak_time":5108,"minecraft:open_chest":23,"minecraft:deaths":3,"minecraft:walk_under_water_one_cm":43153,"minecraft:jump":2931,"minecraft:walk_on_water_one_cm":32403,"minecraft:total_world_time":120857,"minecraft:fall_one_cm":96217},"minecraft:killed":{"alexsmobs:lobster":2,"minecraft:pig":1,"minecraft:spider":4,"aquaculture:gar":1,"aquaculture:jellyfish":1,"aquaculture:smallmouth_bass":2,"minecraft:creeper":2,"minecraft:skeleton":12,"minecraft:sheep":7,"aquaculture:minnow":2,"minecraft:zombie":13,"minecraft:chicken":4,"aquaculture:atlantic_herring":5,"alexsmobs:fly":1,"minecraft:drowned":5,"minecraft:turtle":1,"alexsmobs:flying_fish":6,"minecraft:enderman":1,"minecraft:cow":7},"minecraft:crafted":{"minecraft:cooked_beef":1,"minecraft:oak_planks":52,"minecraft:oak_sign":3,"minecraft:cooked_porkchop":2,"alexsmobs:cooked_lobster_tail":3,"minecraft:crafting_table":3,"minecraft:cooked_chicken":4,"minecraft:wooden_pickaxe":1,"minecraft:copper_ingot":24,"minecraft:furnace":2,"spartanshields:stone_basic_shield":1,"minecraft:bucket":1,"minecraft:stone_axe":3,"minecraft:cooked_mutton":12,"minecraft:air":0,"aquaculture:fish_fillet_raw":13,"minecraft:white_wool":1,"minecraft:white_dye":1,"minecraft:stick":40,"minecraft:stone_pickaxe":4,"aquaculture:stone_fillet_knife":1,"minecraft:white_bed":1,"aquaculture:fish_fillet_cooked":13,"spartanshields:wooden_basic_shield":1,"alexsmobs:flying_fish_boots":1},"minecraft:broken":{"minecraft:stone_pickaxe":2,"minecraft:stone_axe":2},"minecraft:picked_up":{"minecraft:nautilus_shell":1,"minecraft:crafting_table":6,"minecraft:chicken":4,"minecraft:leather":8,"minecraft:oak_log":13,"minecraft:dirt":32,"minecraft:string":4,"minecraft:raw_copper":133,"alexsdelight:cooked_bison":1,"minecraft:bone":10,"minecraft:apple":1,"minecraft:stone_bricks":1,"minecraft:cracked_stone_bricks":2,"minecraft:bow":1,"minecraft:beef":14,"minecraft:stone_pickaxe":1,"minecraft:mossy_stone_bricks":1,"aquaculture:minnow":2,"quark:orange_corundum_cluster":2,"aquaculture:atlantic_herring":5,"minecraft:furnace":3,"aquaculture:jellyfish":1,"aquaculture:smallmouth_bass":2,"minecraft:stick":1,"minecraft:raw_iron":69,"aquaculture:gar":1,"minecraft:porkchop":2,"minecraft:diorite":7,"minecraft:white_bed":2,"minecraft:spider_eye":1,"minecraft:arrow":15,"minecraft:rotten_flesh":13,"regions_unexplored:fireweed":1,"minecraft:stone_axe":1,"regions_unexplored:mauve_log":7,"minecraft:granite":8,"minecraft:bone_meal":1,"minecraft:oak_sapling":5,"minecraft:black_wool":2,"alexsmobs:lobster_tail":3,"minecraft:mutton":12,"minecraft:coal":215,"alexsmobs:flying_fish":5,"minecraft:white_wool":5,"minecraft:cobblestone":112},"minecraft:dropped":{"regions_unexplored:fireweed":1,"quark:orange_corundum_cluster":2,"minecraft:rotten_flesh":1,"minecraft:apple":1,"aquaculture:minnow":2,"minecraft:granite":1,"minecraft:diorite":6,"minecraft:spider_eye":1,"minecraft:stone_pickaxe":1,"minecraft:wooden_pickaxe":1,"minecraft:paper":6,"minecraft:string":2,"minecraft:black_wool":1},"minecraft:killed_by":{"minecraft:player":1},"minecraft:used":{"minecraft:cooked_mutton":9,"minecraft:water_bucket":7,"minecraft:stone_pickaxe":370,"minecraft:oak_sign":1,"alexsmobs:flying_fish_boots":1,"minecraft:wooden_pickaxe":16,"regions_unexplored:mauve_log":2,"minecraft:cooked_chicken":4,"minecraft:rotten_flesh":8,"minecraft:dirt":28,"minecraft:crafting_table":9,"minecraft:white_bed":2,"minecraft:granite":7,"alexsmobs:flying_fish":1,"spartanshields:stone_basic_shield":21,"alexsmobs:cooked_lobster_tail":3,"minecraft:stone_axe":174,"minecraft:cobblestone":51,"minecraft:furnace":5,"minecraft:cooked_porkchop":2,"minecraft:bucket":8,"alexsdelight:cooked_bison":1,"aquaculture:fish_fillet_cooked":11},"minecraft:mined":{"minecraft:white_bed":2,"minecraft:crafting_table":6,"minecraft:granite":11,"minecraft:grass_block":8,"minecraft:copper_ore":41,"minecraft:tall_grass":1,"regions_unexplored:mauve_log":7,"minecraft:spruce_leaves":1,"quark:orange_corundum_cluster":2,"minecraft:diorite":5,"minecraft:seagrass":1,"regions_unexplored:hyssop":1,"minecraft:furnace":3,"minecraft:fire":16,"minecraft:iron_ore":71,"minecraft:grass":10,"graveyard:dark_iron_bars":1,"minecraft:coal_ore":121,"minecraft:dirt_path":4,"minecraft:oak_log":14,"minecraft:gravel":1,"minecraft:dirt":5,"minecraft:cracked_stone_bricks":2,"regions_unexplored:medium_grass":1,"minecraft:mossy_stone_bricks":2,"minecraft:stone_bricks":4,"minecraft:stone":113,"minecraft:oak_leaves":9}},"DataVersion":3465}