{"stats":{"minecraft:custom":{"minecraft:interact_with_furnace":40,"spartanshields:shield_bash_hits":3,"minecraft:mob_kills":61,"minecraft:interact_with_crafting_table":15,"minecraft:leave_game":2,"minecraft:time_since_death":4287,"minecraft:damage_resisted":8,"minecraft:time_since_rest":4321,"minecraft:sprint_one_cm":207379,"minecraft:damage_taken":1182,"minecraft:walk_one_cm":125720,"minecraft:damage_blocked_by_shield":495,"minecraft:drop":7,"minecraft:damage_dealt":7661,"minecraft:swim_one_cm":56549,"minecraft:talked_to_villager":3,"minecraft:fly_one_cm":351920,"minecraft:deaths":1,"minecraft:open_chest":1,"minecraft:play_time":80025,"minecraft:crouch_one_cm":8243,"minecraft:sneak_time":3149,"minecraft:walk_under_water_one_cm":26448,"minecraft:jump":1798,"minecraft:walk_on_water_one_cm":21607,"minecraft:total_world_time":80025,"minecraft:fall_one_cm":50876},"minecraft:killed":{"alexsmobs:lobster":2,"minecraft:pig":1,"minecraft:spider":4,"aquaculture:gar":1,"aquaculture:jellyfish":1,"aquaculture:smallmouth_bass":2,"minecraft:creeper":2,"minecraft:skeleton":10,"minecraft:sheep":7,"aquaculture:minnow":2,"minecraft:zombie":8,"minecraft:chicken":4,"aquaculture:atlantic_herring":5,"alexsmobs:fly":1,"minecraft:drowned":2,"minecraft:turtle":1,"alexsmobs:flying_fish":6,"minecraft:cow":1,"minecraft:enderman":1},"minecraft:crafted":{"minecraft:oak_planks":40,"minecraft:cooked_porkchop":2,"alexsmobs:cooked_lobster_tail":3,"minecraft:crafting_table":2,"minecraft:wooden_pickaxe":1,"minecraft:cooked_chicken":4,"minecraft:furnace":1,"spartanshields:stone_basic_shield":1,"minecraft:stone_axe":2,"minecraft:cooked_mutton":5,"minecraft:air":0,"aquaculture:fish_fillet_raw":13,"minecraft:white_wool":1,"minecraft:white_dye":1,"minecraft:stick":32,"minecraft:stone_pickaxe":3,"aquaculture:stone_fillet_knife":1,"minecraft:white_bed":1,"spartanshields:wooden_basic_shield":1,"aquaculture:fish_fillet_cooked":13,"alexsmobs:flying_fish_boots":1},"minecraft:broken":{"minecraft:stone_pickaxe":1,"minecraft:stone_axe":1},"minecraft:picked_up":{"minecraft:nautilus_shell":1,"minecraft:crafting_table":5,"minecraft:chicken":4,"minecraft:leather":1,"minecraft:oak_log":10,"minecraft:dirt":25,"minecraft:string":4,"minecraft:raw_copper":66,"minecraft:bone":7,"minecraft:apple":1,"minecraft:bow":1,"minecraft:beef":1,"aquaculture:minnow":2,"aquaculture:atlantic_herring":5,"minecraft:furnace":2,"aquaculture:jellyfish":1,"aquaculture:smallmouth_bass":2,"minecraft:stick":1,"minecraft:raw_iron":28,"aquaculture:gar":1,"minecraft:porkchop":2,"minecraft:diorite":1,"minecraft:spider_eye":1,"minecraft:arrow":14,"minecraft:rotten_flesh":9,"regions_unexplored:fireweed":1,"minecraft:stone_axe":1,"regions_unexplored:mauve_log":5,"minecraft:granite":7,"minecraft:bone_meal":1,"minecraft:oak_sapling":5,"minecraft:black_wool":2,"minecraft:mutton":12,"alexsmobs:lobster_tail":3,"minecraft:coal":119,"alexsmobs:flying_fish":5,"minecraft:white_wool":5,"minecraft:cobblestone":86},"minecraft:dropped":{"regions_unexplored:fireweed":1,"minecraft:rotten_flesh":1,"aquaculture:minnow":2,"minecraft:apple":1,"minecraft:spider_eye":1,"minecraft:wooden_pickaxe":1,"minecraft:string":1},"minecraft:used":{"minecraft:cooked_mutton":5,"minecraft:stone_pickaxe":212,"alexsmobs:flying_fish_boots":1,"minecraft:wooden_pickaxe":16,"minecraft:cooked_chicken":4,"minecraft:rotten_flesh":5,"minecraft:dirt":23,"minecraft:crafting_table":6,"minecraft:granite":7,"alexsmobs:flying_fish":1,"spartanshields:stone_basic_shield":19,"alexsmobs:cooked_lobster_tail":3,"minecraft:stone_axe":115,"minecraft:cobblestone":16,"minecraft:furnace":2,"aquaculture:fish_fillet_cooked":8},"minecraft:mined":{"minecraft:crafting_table":5,"minecraft:granite":7,"minecraft:grass_block":5,"minecraft:tall_grass":1,"minecraft:copper_ore":23,"regions_unexplored:mauve_log":5,"minecraft:diorite":1,"minecraft:seagrass":1,"regions_unexplored:hyssop":1,"minecraft:furnace":2,"minecraft:iron_ore":28,"minecraft:grass":8,"minecraft:oak_log":10,"minecraft:coal_ore":78,"minecraft:gravel":1,"minecraft:dirt":4,"minecraft:stone":86,"minecraft:oak_leaves":9}},"DataVersion":3465}