{"stats":{"minecraft:custom":{"minecraft:mob_kills":98,"minecraft:interact_with_crafting_table":28,"minecraft:damage_dealt_resisted":212,"minecraft:leave_game":3,"minecraft:time_since_death":97183,"minecraft:damage_resisted":8,"minecraft:sprint_one_cm":603833,"minecraft:walk_one_cm":288579,"minecraft:damage_blocked_by_shield":825,"minecraft:drop":29,"minecraft:talked_to_villager":4,"minecraft:play_time":192857,"minecraft:deaths":3,"minecraft:sneak_time":6989,"minecraft:walk_under_water_one_cm":44745,"minecraft:jump":4244,"minecraft:walk_on_water_one_cm":47515,"minecraft:total_world_time":192857,"minecraft:interact_with_furnace":99,"spartanshields:shield_bash_hits":3,"minecraft:sleep_in_bed":8,"minecraft:time_since_rest":48224,"minecraft:waystone_activated":2,"minecraft:damage_taken":3532,"minecraft:damage_dealt":14721,"minecraft:swim_one_cm":95615,"minecraft:fly_one_cm":961726,"minecraft:open_chest":57,"minecraft:crouch_one_cm":14828,"minecraft:fall_one_cm":135105},"minecraft:killed":{"alexsmobs:lobster":2,"minecraft:spider":6,"aquaculture:gar":1,"aquaculture:smallmouth_bass":2,"minecraft:skeleton":17,"minecraft:chicken":4,"minecraft:drowned":5,"aquaculture:atlantic_herring":5,"minecraft:turtle":1,"alexsmobs:flying_fish":6,"minecraft:pig":1,"farlanders:rebel":1,"aquaculture:jellyfish":1,"minecraft:creeper":6,"minecraft:sheep":7,"aquaculture:minnow":2,"minecraft:zombie":20,"alexsmobs:fly":1,"minecraft:enderman":1,"minecraft:cow":7},"minecraft:crafted":{"minecraft:oak_planks":52,"minecraft:stone_shovel":1,"minecraft:oak_sign":3,"minecraft:cooked_chicken":4,"minecraft:furnace":2,"minecraft:cooked_mutton":12,"minecraft:iron_bars":32,"aquaculture:fish_fillet_raw":13,"minecraft:stone_pickaxe":7,"aquaculture:fish_fillet_cooked":13,"alexsmobs:flying_fish_boots":1,"minecraft:cooked_beef":12,"minecraft:cooked_porkchop":2,"alexsmobs:cooked_lobster_tail":3,"minecraft:crafting_table":3,"minecraft:wooden_pickaxe":1,"spartanshields:stone_basic_shield":1,"minecraft:copper_ingot":149,"minecraft:bucket":1,"minecraft:stone_axe":3,"minecraft:air":0,"minecraft:white_wool":1,"minecraft:white_dye":1,"minecraft:stick":40,"minecraft:iron_ingot":69,"aquaculture:stone_fillet_knife":1,"minecraft:stone_sword":1,"spartanshields:wooden_basic_shield":1,"minecraft:white_bed":1,"minecraft:torch":4},"minecraft:broken":{"minecraft:stone_pickaxe":2,"minecraft:stone_axe":2},"minecraft:picked_up":{"minecraft:crafting_table":7,"minecraft:flower_pot":1,"minecraft:chicken":4,"regions_unexplored:magnolia_log":2,"minecraft:oak_trapdoor":1,"minecraft:string":9,"minecraft:raw_copper":179,"alexsdelight:cooked_bison":1,"minecraft:cracked_stone_bricks":2,"minecraft:beef":14,"minecraft:furnace":5,"quark:orange_corundum_cluster":2,"farlanders:rebel_farlander_helmet":1,"minecraft:raw_iron":74,"minecraft:stick":1,"minecraft:oak_fence":1,"minecraft:porkchop":2,"minecraft:diorite":7,"minecraft:rotten_flesh":21,"minecraft:arrow":21,"regions_unexplored:tsubaki":4,"regions_unexplored:mauve_log":7,"minecraft:mutton":12,"minecraft:white_wool":5,"alexsmobs:flying_fish":5,"alexsmobs:lobster_tail":3,"minecraft:cobblestone":127,"minecraft:nautilus_shell":1,"minecraft:andesite":2,"minecraft:leather":8,"minecraft:flint":13,"minecraft:oak_log":13,"minecraft:gunpowder":4,"minecraft:dirt":160,"minecraft:lantern":1,"minecraft:bone":15,"minecraft:apple":1,"minecraft:stone_bricks":1,"minecraft:bow":2,"minecraft:wheat_seeds":7,"minecraft:stone_pickaxe":1,"aquaculture:minnow":2,"minecraft:mossy_stone_bricks":1,"aquaculture:atlantic_herring":5,"aquaculture:jellyfish":1,"aquaculture:smallmouth_bass":2,"aquaculture:gar":1,"minecraft:gravel":100,"minecraft:white_bed":2,"minecraft:spider_eye":1,"minecraft:mossy_cobblestone":2,"minecraft:iron_hoe":1,"regions_unexplored:fireweed":1,"minecraft:stone_axe":3,"waystones:waystone":1,"minecraft:granite":9,"minecraft:bone_meal":1,"minecraft:oak_sapling":5,"minecraft:coal":353,"minecraft:black_wool":2},"minecraft:dropped":{"regions_unexplored:fireweed":1,"regions_unexplored:magnolia_log":1,"minecraft:mossy_cobblestone":2,"quark:orange_corundum_cluster":2,"minecraft:oak_fence":1,"aquaculture:minnow":2,"minecraft:apple":1,"minecraft:granite":2,"minecraft:dirt":65,"minecraft:diorite":6,"minecraft:paper":6,"minecraft:string":2,"minecraft:stone_axe":2,"minecraft:rotten_flesh":6,"minecraft:iron_hoe":1,"minecraft:flower_pot":1,"minecraft:andesite":2,"minecraft:spider_eye":1,"minecraft:wooden_pickaxe":1,"minecraft:stone_pickaxe":1,"minecraft:black_wool":1},"minecraft:killed_by":{"minecraft:player":1},"minecraft:used":{"minecraft:oak_trapdoor":1,"minecraft:stone_sword":1,"minecraft:stone_shovel":88,"minecraft:oak_sign":2,"regions_unexplored:mauve_log":2,"minecraft:cooked_chicken":4,"minecraft:rotten_flesh":8,"minecraft:torch":1,"minecraft:dirt":31,"regions_unexplored:magnolia_log":1,"minecraft:granite":7,"minecraft:lantern":1,"alexsmobs:cooked_lobster_tail":3,"minecraft:furnace":6,"aquaculture:fish_fillet_cooked":13,"minecraft:cooked_beef":10,"alexsdelight:cooked_bison":1,"minecraft:cooked_mutton":12,"minecraft:water_bucket":12,"minecraft:stone_pickaxe":469,"alexsmobs:flying_fish_boots":1,"minecraft:wooden_pickaxe":16,"minecraft:crafting_table":10,"minecraft:white_bed":3,"alexsmobs:flying_fish":1,"spartanshields:stone_basic_shield":29,"minecraft:bread":2,"minecraft:gravel":64,"minecraft:stone_axe":233,"minecraft:cobblestone":66,"minecraft:cooked_porkchop":2,"minecraft:bucket":13},"minecraft:mined":{"minecraft:white_bed":2,"minecraft:mossy_cobblestone":2,"minecraft:granite":12,"minecraft:grass_block":57,"minecraft:spruce_leaves":1,"quark:orange_corundum_cluster":2,"minecraft:furnace":5,"minecraft:iron_ore":76,"minecraft:fire":16,"minecraft:andesite":2,"minecraft:dirt_path":4,"regions_unexplored:medium_grass":8,"minecraft:stone":128,"minecraft:oak_fence":1,"minecraft:crafting_table":7,"minecraft:tall_grass":2,"minecraft:copper_ore":53,"regions_unexplored:mauve_log":7,"minecraft:diorite":5,"minecraft:seagrass":1,"regions_unexplored:hyssop":1,"minecraft:grass":14,"graveyard:dark_iron_bars":1,"minecraft:oak_log":14,"minecraft:coal_ore":167,"minecraft:gravel":114,"minecraft:dirt":7,"minecraft:cracked_stone_bricks":2,"minecraft:stone_bricks":4,"minecraft:mossy_stone_bricks":2,"minecraft:oak_leaves":9}},"DataVersion":3465}