{"stats":{"minecraft:custom":{"minecraft:mob_kills":79,"minecraft:interact_with_crafting_table":24,"minecraft:damage_dealt_resisted":212,"minecraft:leave_game":3,"minecraft:time_since_death":49183,"minecraft:damage_resisted":8,"minecraft:sprint_one_cm":436447,"minecraft:walk_one_cm":217707,"minecraft:damage_blocked_by_shield":580,"minecraft:drop":17,"minecraft:talked_to_villager":4,"minecraft:play_time":144857,"minecraft:deaths":3,"minecraft:sneak_time":5776,"minecraft:walk_under_water_one_cm":43634,"minecraft:jump":3242,"minecraft:walk_on_water_one_cm":32622,"minecraft:total_world_time":144857,"minecraft:interact_with_furnace":95,"spartanshields:shield_bash_hits":3,"minecraft:sleep_in_bed":8,"minecraft:time_since_rest":224,"minecraft:waystone_activated":1,"minecraft:damage_taken":2849,"minecraft:damage_dealt":10673,"minecraft:swim_one_cm":85581,"minecraft:fly_one_cm":679218,"minecraft:open_chest":34,"minecraft:crouch_one_cm":13364,"minecraft:fall_one_cm":108116},"minecraft:killed":{"alexsmobs:lobster":2,"minecraft:spider":4,"aquaculture:gar":1,"aquaculture:smallmouth_bass":2,"minecraft:skeleton":13,"minecraft:chicken":4,"minecraft:drowned":5,"aquaculture:atlantic_herring":5,"minecraft:turtle":1,"alexsmobs:flying_fish":6,"minecraft:pig":1,"aquaculture:jellyfish":1,"minecraft:creeper":2,"minecraft:sheep":7,"aquaculture:minnow":2,"minecraft:zombie":13,"alexsmobs:fly":1,"minecraft:enderman":1,"minecraft:cow":7},"minecraft:crafted":{"minecraft:oak_planks":52,"minecraft:oak_sign":3,"minecraft:cooked_chicken":4,"minecraft:furnace":2,"minecraft:cooked_mutton":12,"minecraft:iron_bars":32,"aquaculture:fish_fillet_raw":13,"minecraft:stone_pickaxe":6,"aquaculture:fish_fillet_cooked":13,"alexsmobs:flying_fish_boots":1,"minecraft:cooked_beef":12,"minecraft:cooked_porkchop":2,"alexsmobs:cooked_lobster_tail":3,"minecraft:crafting_table":3,"minecraft:wooden_pickaxe":1,"spartanshields:stone_basic_shield":1,"minecraft:copper_ingot":137,"minecraft:bucket":1,"minecraft:stone_axe":3,"minecraft:air":0,"minecraft:white_wool":1,"minecraft:white_dye":1,"minecraft:stick":40,"minecraft:iron_ingot":69,"aquaculture:stone_fillet_knife":1,"minecraft:stone_sword":1,"spartanshields:wooden_basic_shield":1,"minecraft:white_bed":1,"minecraft:torch":4},"minecraft:broken":{"minecraft:stone_pickaxe":2,"minecraft:stone_axe":2},"minecraft:picked_up":{"minecraft:crafting_table":6,"minecraft:flower_pot":1,"minecraft:chicken":4,"minecraft:oak_trapdoor":1,"minecraft:string":4,"minecraft:raw_copper":133,"alexsdelight:cooked_bison":1,"minecraft:cracked_stone_bricks":2,"minecraft:beef":14,"minecraft:furnace":3,"quark:orange_corundum_cluster":2,"minecraft:raw_iron":69,"minecraft:stick":1,"minecraft:oak_fence":1,"minecraft:porkchop":2,"minecraft:diorite":7,"minecraft:rotten_flesh":14,"minecraft:arrow":15,"regions_unexplored:mauve_log":7,"minecraft:mutton":12,"minecraft:white_wool":5,"alexsmobs:flying_fish":5,"alexsmobs:lobster_tail":3,"minecraft:cobblestone":117,"minecraft:nautilus_shell":1,"minecraft:leather":8,"minecraft:oak_log":13,"minecraft:dirt":33,"minecraft:lantern":1,"minecraft:bone":12,"minecraft:apple":1,"minecraft:stone_bricks":1,"minecraft:bow":1,"minecraft:stone_pickaxe":1,"aquaculture:minnow":2,"minecraft:mossy_stone_bricks":1,"aquaculture:atlantic_herring":5,"aquaculture:jellyfish":1,"aquaculture:smallmouth_bass":2,"aquaculture:gar":1,"minecraft:white_bed":2,"minecraft:spider_eye":1,"regions_unexplored:fireweed":1,"minecraft:stone_axe":1,"minecraft:granite":8,"minecraft:bone_meal":1,"minecraft:oak_sapling":5,"minecraft:coal":255,"minecraft:black_wool":2},"minecraft:dropped":{"regions_unexplored:fireweed":1,"quark:orange_corundum_cluster":2,"aquaculture:minnow":2,"minecraft:apple":1,"minecraft:granite":1,"minecraft:diorite":6,"minecraft:paper":6,"minecraft:string":2,"minecraft:rotten_flesh":1,"minecraft:flower_pot":1,"minecraft:spider_eye":1,"minecraft:wooden_pickaxe":1,"minecraft:stone_pickaxe":1,"minecraft:black_wool":1},"minecraft:killed_by":{"minecraft:player":1},"minecraft:used":{"minecraft:oak_trapdoor":1,"minecraft:stone_sword":1,"minecraft:oak_sign":1,"regions_unexplored:mauve_log":2,"minecraft:cooked_chicken":4,"minecraft:rotten_flesh":8,"minecraft:torch":1,"minecraft:dirt":28,"minecraft:granite":7,"minecraft:lantern":1,"alexsmobs:cooked_lobster_tail":3,"minecraft:furnace":5,"aquaculture:fish_fillet_cooked":11,"minecraft:cooked_beef":1,"alexsdelight:cooked_bison":1,"minecraft:cooked_mutton":12,"minecraft:water_bucket":9,"minecraft:stone_pickaxe":415,"alexsmobs:flying_fish_boots":1,"minecraft:wooden_pickaxe":16,"minecraft:crafting_table":9,"minecraft:white_bed":3,"alexsmobs:flying_fish":1,"spartanshields:stone_basic_shield":22,"minecraft:stone_axe":178,"minecraft:cobblestone":56,"minecraft:cooked_porkchop":2,"minecraft:bucket":10},"minecraft:mined":{"minecraft:white_bed":2,"minecraft:granite":11,"minecraft:grass_block":9,"minecraft:spruce_leaves":1,"quark:orange_corundum_cluster":2,"minecraft:furnace":3,"minecraft:iron_ore":71,"minecraft:fire":16,"minecraft:dirt_path":4,"regions_unexplored:medium_grass":1,"minecraft:stone":118,"minecraft:oak_fence":1,"minecraft:crafting_table":6,"minecraft:tall_grass":1,"minecraft:copper_ore":41,"regions_unexplored:mauve_log":7,"minecraft:diorite":5,"minecraft:seagrass":1,"regions_unexplored:hyssop":1,"minecraft:grass":10,"graveyard:dark_iron_bars":1,"minecraft:oak_log":14,"minecraft:coal_ore":161,"minecraft:gravel":1,"minecraft:dirt":5,"minecraft:cracked_stone_bricks":2,"minecraft:stone_bricks":4,"minecraft:mossy_stone_bricks":2,"minecraft:oak_leaves":9}},"DataVersion":3465}