{"stats":{"minecraft:custom":{"minecraft:interact_with_furnace":40,"spartanshields:shield_bash_hits":3,"minecraft:mob_kills":48,"minecraft:interact_with_crafting_table":14,"minecraft:leave_game":2,"minecraft:time_since_death":64829,"minecraft:damage_resisted":8,"minecraft:time_since_rest":64829,"minecraft:sprint_one_cm":131291,"minecraft:damage_taken":692,"minecraft:walk_one_cm":101070,"minecraft:damage_blocked_by_shield":320,"minecraft:drop":4,"minecraft:damage_dealt":5579,"minecraft:swim_one_cm":42618,"minecraft:fly_one_cm":225108,"minecraft:crouch_one_cm":7096,"minecraft:sneak_time":2552,"minecraft:play_time":64829,"minecraft:walk_under_water_one_cm":24941,"minecraft:jump":1229,"minecraft:walk_on_water_one_cm":20073,"minecraft:total_world_time":64829,"minecraft:fall_one_cm":33053},"minecraft:killed":{"alexsmobs:lobster":2,"minecraft:pig":1,"minecraft:spider":4,"aquaculture:gar":1,"aquaculture:smallmouth_bass":2,"aquaculture:jellyfish":1,"minecraft:creeper":1,"minecraft:sheep":3,"minecraft:skeleton":5,"aquaculture:minnow":2,"minecraft:zombie":6,"minecraft:chicken":4,"alexsmobs:fly":1,"minecraft:drowned":2,"aquaculture:atlantic_herring":5,"minecraft:turtle":1,"alexsmobs:flying_fish":6,"minecraft:enderman":1},"minecraft:crafted":{"minecraft:oak_planks":40,"minecraft:cooked_porkchop":2,"alexsmobs:cooked_lobster_tail":3,"minecraft:crafting_table":2,"minecraft:cooked_chicken":4,"minecraft:wooden_pickaxe":1,"minecraft:furnace":1,"spartanshields:stone_basic_shield":1,"minecraft:stone_axe":2,"minecraft:cooked_mutton":5,"minecraft:air":0,"aquaculture:fish_fillet_raw":13,"minecraft:stick":32,"minecraft:stone_pickaxe":3,"aquaculture:stone_fillet_knife":1,"spartanshields:wooden_basic_shield":1,"aquaculture:fish_fillet_cooked":13,"alexsmobs:flying_fish_boots":1},"minecraft:broken":{"minecraft:stone_pickaxe":1,"minecraft:stone_axe":1},"minecraft:picked_up":{"minecraft:nautilus_shell":1,"minecraft:crafting_table":4,"minecraft:chicken":4,"minecraft:oak_log":10,"minecraft:dirt":25,"minecraft:string":4,"minecraft:raw_copper":56,"minecraft:bone":5,"minecraft:apple":1,"aquaculture:minnow":2,"aquaculture:atlantic_herring":5,"aquaculture:jellyfish":1,"minecraft:furnace":2,"aquaculture:smallmouth_bass":2,"minecraft:raw_iron":15,"minecraft:stick":1,"aquaculture:gar":1,"minecraft:porkchop":2,"minecraft:diorite":1,"minecraft:spider_eye":1,"minecraft:arrow":6,"minecraft:rotten_flesh":6,"regions_unexplored:fireweed":1,"regions_unexplored:mauve_log":5,"minecraft:granite":7,"minecraft:bone_meal":1,"minecraft:oak_sapling":5,"minecraft:black_wool":1,"minecraft:mutton":5,"minecraft:coal":109,"minecraft:white_wool":2,"alexsmobs:lobster_tail":3,"alexsmobs:flying_fish":5,"minecraft:cobblestone":81},"minecraft:dropped":{"minecraft:rotten_flesh":1,"minecraft:apple":1,"aquaculture:minnow":2,"minecraft:string":1},"minecraft:used":{"minecraft:cooked_mutton":4,"minecraft:stone_pickaxe":178,"alexsmobs:flying_fish_boots":1,"minecraft:wooden_pickaxe":16,"minecraft:cooked_chicken":3,"minecraft:rotten_flesh":5,"minecraft:dirt":17,"minecraft:crafting_table":5,"minecraft:granite":7,"alexsmobs:flying_fish":1,"spartanshields:stone_basic_shield":13,"alexsmobs:cooked_lobster_tail":3,"minecraft:stone_axe":90,"minecraft:cobblestone":14,"minecraft:furnace":2,"aquaculture:fish_fillet_cooked":5},"minecraft:mined":{"minecraft:crafting_table":4,"minecraft:granite":7,"minecraft:grass_block":5,"minecraft:copper_ore":18,"minecraft:tall_grass":1,"regions_unexplored:mauve_log":5,"minecraft:diorite":1,"minecraft:seagrass":1,"regions_unexplored:hyssop":1,"minecraft:furnace":2,"minecraft:iron_ore":15,"minecraft:grass":7,"minecraft:coal_ore":68,"minecraft:oak_log":10,"minecraft:dirt":4,"minecraft:stone":81,"minecraft:oak_leaves":9}},"DataVersion":3465}