{"stats":{"minecraft:custom":{"minecraft:interact_with_furnace":40,"spartanshields:shield_bash_hits":3,"minecraft:mob_kills":66,"minecraft:interact_with_crafting_table":15,"minecraft:damage_dealt_resisted":212,"minecraft:leave_game":3,"minecraft:time_since_death":9003,"minecraft:sleep_in_bed":1,"minecraft:damage_resisted":8,"minecraft:time_since_rest":9044,"minecraft:sprint_one_cm":270671,"minecraft:damage_taken":1991,"minecraft:walk_one_cm":150222,"minecraft:damage_blocked_by_shield":555,"minecraft:drop":12,"minecraft:damage_dealt":8812,"minecraft:swim_one_cm":59821,"minecraft:talked_to_villager":3,"minecraft:fly_one_cm":433819,"minecraft:deaths":2,"minecraft:open_chest":3,"minecraft:play_time":95547,"minecraft:crouch_one_cm":11873,"minecraft:sneak_time":4623,"minecraft:walk_under_water_one_cm":31134,"minecraft:jump":2242,"minecraft:walk_on_water_one_cm":23477,"minecraft:total_world_time":95547,"minecraft:fall_one_cm":70340},"minecraft:killed":{"alexsmobs:lobster":2,"minecraft:pig":1,"minecraft:spider":4,"aquaculture:gar":1,"aquaculture:jellyfish":1,"aquaculture:smallmouth_bass":2,"minecraft:creeper":2,"minecraft:skeleton":12,"minecraft:sheep":7,"aquaculture:minnow":2,"minecraft:zombie":11,"minecraft:chicken":4,"aquaculture:atlantic_herring":5,"alexsmobs:fly":1,"minecraft:drowned":2,"minecraft:turtle":1,"alexsmobs:flying_fish":6,"minecraft:cow":1,"minecraft:enderman":1},"minecraft:crafted":{"minecraft:oak_planks":40,"minecraft:cooked_porkchop":2,"alexsmobs:cooked_lobster_tail":3,"minecraft:crafting_table":2,"minecraft:wooden_pickaxe":1,"minecraft:cooked_chicken":4,"minecraft:furnace":1,"spartanshields:stone_basic_shield":1,"minecraft:stone_axe":2,"minecraft:cooked_mutton":5,"minecraft:air":0,"aquaculture:fish_fillet_raw":13,"minecraft:white_wool":1,"minecraft:white_dye":1,"minecraft:stick":32,"minecraft:stone_pickaxe":3,"aquaculture:stone_fillet_knife":1,"minecraft:white_bed":1,"spartanshields:wooden_basic_shield":1,"aquaculture:fish_fillet_cooked":13,"alexsmobs:flying_fish_boots":1},"minecraft:broken":{"minecraft:stone_pickaxe":2,"minecraft:stone_axe":1},"minecraft:picked_up":{"minecraft:nautilus_shell":1,"minecraft:crafting_table":5,"minecraft:chicken":4,"minecraft:leather":1,"minecraft:oak_log":10,"minecraft:dirt":32,"minecraft:string":4,"minecraft:raw_copper":133,"minecraft:bone":10,"minecraft:apple":1,"minecraft:bow":1,"minecraft:beef":1,"minecraft:stone_pickaxe":1,"aquaculture:minnow":2,"quark:orange_corundum_cluster":2,"aquaculture:atlantic_herring":5,"minecraft:furnace":2,"aquaculture:jellyfish":1,"aquaculture:smallmouth_bass":2,"minecraft:stick":1,"minecraft:raw_iron":69,"aquaculture:gar":1,"minecraft:porkchop":2,"minecraft:diorite":5,"minecraft:spider_eye":1,"minecraft:arrow":15,"minecraft:rotten_flesh":12,"regions_unexplored:fireweed":1,"minecraft:stone_axe":1,"regions_unexplored:mauve_log":7,"minecraft:granite":8,"minecraft:bone_meal":1,"minecraft:oak_sapling":5,"minecraft:black_wool":2,"minecraft:mutton":12,"alexsmobs:lobster_tail":3,"minecraft:coal":162,"alexsmobs:flying_fish":5,"minecraft:white_wool":5,"minecraft:cobblestone":112},"minecraft:dropped":{"regions_unexplored:fireweed":1,"quark:orange_corundum_cluster":2,"minecraft:rotten_flesh":1,"aquaculture:minnow":2,"minecraft:apple":1,"minecraft:granite":1,"minecraft:diorite":4,"minecraft:spider_eye":1,"minecraft:stone_pickaxe":1,"minecraft:wooden_pickaxe":1,"minecraft:string":2},"minecraft:killed_by":{"minecraft:player":1},"minecraft:used":{"minecraft:cooked_mutton":5,"minecraft:stone_pickaxe":360,"alexsmobs:flying_fish_boots":1,"minecraft:wooden_pickaxe":16,"regions_unexplored:mauve_log":2,"minecraft:cooked_chicken":4,"minecraft:rotten_flesh":8,"minecraft:dirt":28,"minecraft:crafting_table":6,"minecraft:granite":7,"alexsmobs:flying_fish":1,"spartanshields:stone_basic_shield":21,"alexsmobs:cooked_lobster_tail":3,"minecraft:stone_axe":135,"minecraft:cobblestone":23,"minecraft:furnace":2,"minecraft:cooked_porkchop":2,"aquaculture:fish_fillet_cooked":8},"minecraft:mined":{"minecraft:crafting_table":5,"minecraft:granite":11,"minecraft:grass_block":8,"minecraft:tall_grass":1,"minecraft:copper_ore":41,"regions_unexplored:mauve_log":7,"minecraft:spruce_leaves":1,"quark:orange_corundum_cluster":2,"minecraft:diorite":5,"minecraft:seagrass":1,"regions_unexplored:hyssop":1,"minecraft:furnace":2,"minecraft:iron_ore":71,"minecraft:dirt_path":4,"graveyard:dark_iron_bars":1,"minecraft:grass":9,"minecraft:oak_log":10,"minecraft:coal_ore":121,"minecraft:gravel":1,"minecraft:dirt":5,"minecraft:stone":113,"minecraft:oak_leaves":9}},"DataVersion":3465}