{"stats":{"minecraft:custom":{"minecraft:interact_with_furnace":39,"spartanshields:shield_bash_hits":1,"minecraft:mob_kills":58,"minecraft:interact_with_crafting_table":20,"minecraft:time_since_death":15276,"minecraft:sleep_in_bed":1,"minecraft:climb_one_cm":8462,"minecraft:time_since_rest":15318,"minecraft:sprint_one_cm":119782,"minecraft:damage_taken":2961,"minecraft:walk_one_cm":396729,"minecraft:damage_blocked_by_shield":1450,"minecraft:drop":16,"minecraft:damage_dealt":13261,"minecraft:talked_to_villager":5,"minecraft:swim_one_cm":61329,"minecraft:fly_one_cm":227756,"minecraft:open_chest":1,"minecraft:deaths":1,"minecraft:crouch_one_cm":12156,"minecraft:play_time":85420,"minecraft:sneak_time":4740,"minecraft:walk_under_water_one_cm":41268,"minecraft:jump":1326,"minecraft:walk_on_water_one_cm":24995,"minecraft:total_world_time":85420,"minecraft:fall_one_cm":30262},"minecraft:killed":{"alexsmobs:lobster":1,"minecraft:witch":1,"farlanders:looter":1,"minecraft:spider":6,"farlanders:ender_guardian":3,"aquaculture:gar":1,"farlanders:ender_golem":1,"minecraft:creeper":2,"minecraft:sheep":5,"minecraft:skeleton":11,"minecraft:zombie":9,"minecraft:chicken":1,"alexsmobs:fly":1,"alexsmobs:bison":11,"alexsmobs:flying_fish":2,"farlanders:farlander":1},"minecraft:crafted":{"minecraft:red_dye":1,"minecraft:oak_planks":44,"minecraft:crafting_table":1,"minecraft:wooden_pickaxe":1,"minecraft:red_bed":1,"minecraft:furnace":1,"spartanshields:stone_basic_shield":1,"minecraft:copper_ingot":17,"minecraft:stone_axe":3,"spartanshields:copper_basic_shield":1,"minecraft:cooked_mutton":9,"minecraft:air":0,"aquaculture:fish_fillet_raw":4,"aquaculture:iron_fillet_knife":1,"alexsdelight:cooked_bison":29,"minecraft:charcoal":5,"minecraft:stick":20,"minecraft:brown_wool":3,"minecraft:iron_ingot":2,"minecraft:stone_pickaxe":2,"minecraft:wooden_axe":1,"spartanshields:wooden_basic_shield":2,"minecraft:white_bed":1,"minecraft:torch":4,"alexsmobs:flying_fish_boots":1},"minecraft:broken":{"spartanshields:stone_basic_shield":1,"minecraft:stone_axe":2,"minecraft:wooden_pickaxe":1},"minecraft:picked_up":{"minecraft:crafting_table":6,"minecraft:feather":2,"minecraft:chicken":1,"exoticbirds:pigeon_egg":1,"minecraft:andesite":1,"minecraft:brown_wool":1,"alexsmobs:bison_fur":15,"minecraft:stone_brick_stairs":1,"minecraft:oak_log":22,"minecraft:gunpowder":2,"minecraft:string":3,"minecraft:dirt":9,"minecraft:raw_copper":26,"regions_unexplored:waratah":1,"farlanders:ender_horn":2,"regions_unexplored:aster":3,"minecraft:bone":14,"minecraft:apple":2,"minecraft:kelp":6,"minecraft:bow":1,"minecraft:wheat_seeds":1,"minecraft:furnace":5,"minecraft:stick":3,"minecraft:raw_iron":7,"aquaculture:gar":1,"minecraft:white_bed":2,"minecraft:spider_eye":2,"minecraft:arrow":25,"minecraft:rotten_flesh":8,"minecraft:stone_axe":2,"alexsdelight:raw_bison":37,"minecraft:oak_sapling":1,"minecraft:mutton":9,"minecraft:black_wool":1,"minecraft:coal":64,"minecraft:white_wool":4,"alexsmobs:flying_fish":2,"minecraft:cobblestone":75},"minecraft:dropped":{"minecraft:stone_axe":2,"minecraft:kelp":6,"minecraft:rotten_flesh":8,"minecraft:apple":1,"regions_unexplored:aster":3,"minecraft:white_bed":1,"alexsmobs:bison_fur":3,"exoticbirds:pigeon_egg":1,"alexsdelight:cooked_bison":1,"minecraft:wooden_axe":1,"minecraft:brown_wool":4,"minecraft:oak_sapling":1,"minecraft:black_wool":1},"minecraft:killed_by":{"alexsmobs:bison":1},"minecraft:used":{"minecraft:cooked_mutton":9,"minecraft:stone_pickaxe":114,"minecraft:wooden_pickaxe":59,"minecraft:torch":4,"minecraft:dirt":3,"minecraft:crafting_table":7,"minecraft:white_bed":1,"minecraft:wooden_axe":25,"minecraft:apple":1,"spartanshields:stone_basic_shield":48,"minecraft:stone_axe":162,"minecraft:cobblestone":8,"spartanshields:copper_basic_shield":46,"minecraft:furnace":5,"alexsmobs:animal_dictionary":1,"alexsdelight:cooked_bison":15},"minecraft:mined":{"minecraft:white_bed":1,"exoticbirds:nest":1,"minecraft:crafting_table":6,"minecraft:grass_block":4,"regions_unexplored:aster":3,"minecraft:copper_ore":7,"minecraft:cobblestone":1,"minecraft:furnace":5,"minecraft:iron_ore":7,"regions_unexplored:waratah":1,"minecraft:stone_brick_stairs":1,"minecraft:grass":8,"minecraft:coal_ore":72,"minecraft:oak_log":22,"minecraft:dirt":7,"regions_unexplored:medium_grass":1,"minecraft:stone_bricks":4,"minecraft:stone":75,"minecraft:oak_leaves":4}},"DataVersion":3465}