{"stats":{"minecraft:custom":{"minecraft:time_since_rest":37420,"minecraft:sprint_one_cm":44604,"minecraft:interact_with_furnace":19,"minecraft:damage_taken":630,"minecraft:walk_one_cm":181986,"minecraft:damage_blocked_by_shield":235,"minecraft:mob_kills":25,"minecraft:drop":3,"minecraft:damage_dealt":3688,"minecraft:swim_one_cm":19482,"minecraft:interact_with_crafting_table":8,"minecraft:fly_one_cm":64372,"minecraft:crouch_one_cm":5646,"minecraft:play_time":37420,"minecraft:sneak_time":2216,"minecraft:walk_under_water_one_cm":14071,"minecraft:jump":559,"minecraft:time_since_death":37420,"minecraft:walk_on_water_one_cm":4219,"minecraft:total_world_time":37420,"minecraft:fall_one_cm":7458},"minecraft:crafted":{"minecraft:oak_planks":44,"minecraft:charcoal":5,"minecraft:crafting_table":1,"minecraft:stick":12,"minecraft:wooden_pickaxe":1,"minecraft:stone_pickaxe":1,"minecraft:wooden_axe":1,"spartanshields:stone_basic_shield":1,"spartanshields:wooden_basic_shield":1,"minecraft:furnace":1,"alexsmobs:flying_fish_boots":1,"minecraft:stone_axe":1,"minecraft:air":0,"minecraft:cooked_mutton":9},"minecraft:killed":{"minecraft:skeleton":8,"minecraft:sheep":5,"alexsmobs:lobster":1,"minecraft:zombie":6,"minecraft:spider":2,"alexsmobs:flying_fish":2,"minecraft:creeper":1},"minecraft:broken":{"minecraft:wooden_pickaxe":1},"minecraft:picked_up":{"minecraft:raw_iron":2,"minecraft:crafting_table":3,"minecraft:oak_log":22,"minecraft:gunpowder":2,"minecraft:dirt":8,"minecraft:string":2,"minecraft:bone":10,"minecraft:arrow":12,"minecraft:rotten_flesh":4,"minecraft:apple":2,"minecraft:kelp":6,"minecraft:black_wool":1,"minecraft:oak_sapling":1,"minecraft:mutton":9,"minecraft:coal":3,"alexsmobs:flying_fish":2,"minecraft:white_wool":4,"minecraft:cobblestone":52,"minecraft:furnace":3},"minecraft:dropped":{"minecraft:wooden_axe":1,"minecraft:apple":1,"minecraft:black_wool":1},"minecraft:used":{"minecraft:cooked_mutton":8,"minecraft:wooden_axe":25,"minecraft:apple":1,"spartanshields:stone_basic_shield":9,"minecraft:stone_pickaxe":3,"minecraft:wooden_pickaxe":59,"minecraft:stone_axe":46,"minecraft:dirt":3,"minecraft:cobblestone":2,"minecraft:crafting_table":3,"minecraft:furnace":3,"alexsmobs:animal_dictionary":1},"minecraft:mined":{"minecraft:furnace":3,"minecraft:iron_ore":2,"minecraft:crafting_table":3,"minecraft:grass":5,"minecraft:oak_log":22,"minecraft:grass_block":3,"minecraft:coal_ore":3,"minecraft:dirt":7,"minecraft:stone":54,"minecraft:oak_leaves":4}},"DataVersion":3465}