{"stats":{"minecraft:custom":{"minecraft:time_since_rest":25420,"minecraft:sprint_one_cm":35728,"minecraft:interact_with_furnace":3,"minecraft:damage_taken":425,"minecraft:walk_one_cm":114351,"minecraft:damage_blocked_by_shield":60,"minecraft:mob_kills":14,"minecraft:drop":2,"minecraft:damage_dealt":2178,"minecraft:swim_one_cm":9089,"minecraft:interact_with_crafting_table":6,"minecraft:fly_one_cm":48712,"minecraft:crouch_one_cm":5646,"minecraft:play_time":25420,"minecraft:sneak_time":2181,"minecraft:walk_under_water_one_cm":6453,"minecraft:jump":415,"minecraft:time_since_death":25420,"minecraft:walk_on_water_one_cm":1002,"minecraft:total_world_time":25420,"minecraft:fall_one_cm":5190},"minecraft:crafted":{"minecraft:oak_planks":44,"minecraft:crafting_table":1,"minecraft:stick":12,"minecraft:wooden_pickaxe":1,"minecraft:stone_pickaxe":1,"minecraft:wooden_axe":1,"spartanshields:stone_basic_shield":1,"spartanshields:wooden_basic_shield":1,"minecraft:furnace":1,"minecraft:stone_axe":1,"minecraft:cooked_mutton":5},"minecraft:killed":{"minecraft:skeleton":2,"minecraft:sheep":4,"minecraft:zombie":5,"minecraft:spider":2,"minecraft:creeper":1},"minecraft:broken":{"minecraft:wooden_pickaxe":1},"minecraft:picked_up":{"minecraft:raw_iron":2,"minecraft:crafting_table":3,"minecraft:oak_log":22,"minecraft:gunpowder":2,"minecraft:dirt":8,"minecraft:string":1,"minecraft:arrow":4,"minecraft:rotten_flesh":4,"minecraft:apple":2,"minecraft:oak_sapling":1,"minecraft:mutton":7,"minecraft:coal":3,"minecraft:white_wool":4,"minecraft:cobblestone":52,"minecraft:furnace":2},"minecraft:dropped":{"minecraft:wooden_axe":1,"minecraft:apple":1},"minecraft:used":{"minecraft:cooked_mutton":5,"minecraft:wooden_axe":25,"minecraft:apple":1,"spartanshields:stone_basic_shield":2,"minecraft:stone_pickaxe":2,"minecraft:wooden_pickaxe":59,"minecraft:stone_axe":26,"minecraft:dirt":3,"minecraft:cobblestone":2,"minecraft:crafting_table":3,"minecraft:furnace":2,"alexsmobs:animal_dictionary":1},"minecraft:mined":{"minecraft:furnace":2,"minecraft:iron_ore":2,"minecraft:crafting_table":3,"minecraft:grass":5,"minecraft:oak_log":22,"minecraft:grass_block":3,"minecraft:coal_ore":3,"minecraft:dirt":7,"minecraft:stone":54,"minecraft:oak_leaves":4}},"DataVersion":3465}