{"stats":{"minecraft:killed":{"alexsmobs:lobster":1,"minecraft:witch":1,"minecraft:spider":13,"minecraft:vindicator":1,"farlanders:ender_guardian":3,"aquaculture:gar":1,"alexsmobs:seagull":1,"minecraft:horse":3,"minecraft:skeleton":18,"minecraft:chicken":1,"minecraft:drowned":1,"alexsmobs:bison":12,"alexsmobs:flying_fish":2,"farlanders:farlander":5,"minecraft:pig":2,"farlanders:looter":1,"farlanders:ender_golem":5,"minecraft:creeper":7,"minecraft:sheep":5,"minecraft:pillager":8,"minecraft:zombie":23,"alexsmobs:fly":1,"minecraft:cow":5},"minecraft:custom":{"minecraft:mob_kills":122,"minecraft:animals_bred":1,"minecraft:interact_with_crafting_table":36,"minecraft:open_barrel":8,"minecraft:damage_dealt_resisted":149,"minecraft:leave_game":3,"minecraft:time_since_death":146335,"minecraft:climb_one_cm":15948,"minecraft:sprint_one_cm":444606,"minecraft:walk_one_cm":984101,"minecraft:damage_blocked_by_shield":3310,"minecraft:drop":38,"minecraft:talked_to_villager":10,"minecraft:play_time":275423,"minecraft:deaths":5,"minecraft:sneak_time":11992,"minecraft:walk_under_water_one_cm":75395,"minecraft:jump":3680,"minecraft:walk_on_water_one_cm":55234,"minecraft:total_world_time":275423,"minecraft:interact_with_furnace":66,"spartanshields:shield_bash_hits":2,"minecraft:sleep_in_bed":8,"minecraft:time_since_rest":24674,"minecraft:waystone_activated":4,"minecraft:damage_taken":6309,"minecraft:damage_dealt":29050,"minecraft:swim_one_cm":188390,"minecraft:fly_one_cm":690927,"minecraft:player_kills":1,"minecraft:open_chest":53,"minecraft:crouch_one_cm":30543,"minecraft:fall_one_cm":87494},"minecraft:mined":{"minecraft:white_bed":1,"exoticbirds:nest":1,"minecraft:cobbled_deepslate_slab":1,"minecraft:grass_block":10,"regions_unexplored:aster":3,"minecraft:spruce_leaves":1,"quark:orange_corundum_cluster":1,"minecraft:spawner":1,"minecraft:hay_block":3,"minecraft:furnace":6,"minecraft:iron_ore":37,"minecraft:fire":2,"regions_unexplored:waratah":1,"minecraft:andesite":1,"minecraft:polished_deepslate_slab":1,"minecraft:stripped_oak_log":1,"regions_unexplored:medium_grass":7,"minecraft:stone":165,"minecraft:red_bed":3,"minecraft:deepslate_brick_wall":2,"minecraft:crafting_table":8,"minecraft:calcite":1,"minecraft:tall_grass":1,"minecraft:copper_ore":23,"minecraft:cobblestone":5,"minecraft:lapis_ore":13,"minecraft:oak_planks":5,"minecraft:diorite":1,"minecraft:amethyst_block":1,"regions_unexplored:hyssop":2,"minecraft:stone_brick_stairs":1,"minecraft:grass":12,"minecraft:oak_log":32,"minecraft:coal_ore":154,"minecraft:dirt":23,"minecraft:cobweb":24,"minecraft:smooth_basalt":2,"minecraft:stone_bricks":4,"minecraft:oak_leaves":10},"minecraft:used":{"minecraft:stone_sword":25,"minecraft:oak_sign":1,"minecraft:torch":35,"minecraft:dirt":3,"minecraft:wooden_axe":25,"minecraft:golden_carrot":2,"spartanshields:copper_basic_shield":112,"minecraft:furnace":6,"aquaculture:fish_fillet_cooked":4,"alexsdelight:cooked_bison":35,"minecraft:cooked_mutton":9,"minecraft:stone_pickaxe":315,"minecraft:oak_planks":13,"minecraft:wooden_pickaxe":118,"minecraft:crafting_table":10,"minecraft:red_bed":4,"minecraft:white_bed":1,"minecraft:apple":1,"spartanshields:stone_basic_shield":48,"minecraft:stone_axe":387,"minecraft:cobblestone":61,"minecraft:cooked_porkchop":1,"alexsmobs:animal_dictionary":1,"minecraft:cobweb":16},"minecraft:killed_by":{"alexsmobs:bison":1,"farlanders:ender_golem":1,"minecraft:zombie":1},"minecraft:picked_up":{"minecraft:fishing_rod":1,"minecraft:crafting_table":8,"minecraft:chicken":1,"exoticbirds:pigeon_egg":1,"minecraft:stone_brick_stairs":1,"minecraft:string":31,"minecraft:red_bed":3,"minecraft:raw_copper":74,"farlanders:ender_horn":9,"minecraft:beef":8,"quark:orange_corundum_cluster":1,"minecraft:furnace":6,"farlanders:rebel_farlander_helmet":1,"minecraft:stick":3,"minecraft:raw_iron":37,"minecraft:polished_deepslate_slab":1,"minecraft:deepslate_brick_wall":1,"minecraft:porkchop":5,"regions_unexplored:daisy":1,"minecraft:arrow":30,"minecraft:rotten_flesh":17,"minecraft:hay_block":3,"alexsdelight:raw_bison":39,"minecraft:mutton":9,"alexsmobs:flying_fish":2,"minecraft:white_wool":4,"minecraft:cobblestone":167,"minecraft:stripped_oak_log":1,"minecraft:feather":3,"minecraft:andesite":2,"minecraft:brown_wool":1,"minecraft:leather":8,"alexsmobs:bison_fur":15,"minecraft:oak_log":32,"minecraft:gunpowder":6,"minecraft:lapis_lazuli":83,"minecraft:dirt":58,"regions_unexplored:waratah":1,"regions_unexplored:aster":3,"minecraft:bone":26,"minecraft:apple":2,"minecraft:kelp":12,"minecraft:bow":1,"minecraft:wheat_seeds":3,"minecraft:cobbled_deepslate_slab":1,"minecraft:oak_planks":5,"aquaculture:gar":1,"minecraft:white_bed":2,"minecraft:spider_eye":4,"regions_unexplored:hyssop":6,"minecraft:stone_axe":2,"minecraft:oak_sapling":2,"minecraft:black_wool":2,"minecraft:coal":149},"minecraft:dropped":{"spartanshields:copper_basic_shield":1,"minecraft:wheat_seeds":2,"minecraft:deepslate_brick_wall":1,"minecraft:crafting_table":1,"farlanders:rebel_farlander_helmet":1,"quark:orange_corundum_cluster":1,"minecraft:cobblestone":1,"minecraft:apple":1,"alexsmobs:bison_fur":3,"minecraft:dirt":28,"alexsdelight:cooked_bison":3,"minecraft:wooden_axe":1,"minecraft:brown_wool":4,"minecraft:string":6,"minecraft:stone_axe":2,"minecraft:kelp":12,"minecraft:cooked_chicken":1,"minecraft:rotten_flesh":10,"regions_unexplored:aster":3,"minecraft:white_bed":1,"minecraft:flint_and_steel":1,"exoticbirds:pigeon_egg":1,"minecraft:filled_map":1,"minecraft:oak_sapling":1,"minecraft:spider_eye":3,"minecraft:bow":1,"minecraft:stone_brick_stairs":1,"minecraft:black_wool":2},"minecraft:crafted":{"minecraft:smooth_stone":3,"minecraft:oak_planks":96,"minecraft:oak_sign":3,"minecraft:cooked_chicken":1,"minecraft:furnace":3,"minecraft:blast_furnace":1,"minecraft:stone":3,"spartanshields:copper_basic_shield":2,"minecraft:cooked_mutton":9,"aquaculture:fish_fillet_raw":4,"alexsdelight:cooked_bison":39,"minecraft:stone_pickaxe":3,"aquaculture:fish_fillet_cooked":4,"alexsmobs:flying_fish_boots":1,"sophisticatedbackpacks:iron_backpack":1,"minecraft:wheat":27,"minecraft:smoker":1,"minecraft:red_dye":1,"sophisticatedbackpacks:backpack":1,"minecraft:cooked_porkchop":5,"minecraft:crafting_table":3,"minecraft:wooden_pickaxe":3,"minecraft:red_bed":1,"spartanshields:stone_basic_shield":1,"minecraft:copper_ingot":74,"minecraft:stone_axe":5,"minecraft:air":0,"aquaculture:iron_fillet_knife":1,"minecraft:charcoal":5,"minecraft:stick":36,"quark:oak_chest":1,"minecraft:brown_wool":3,"minecraft:iron_ingot":30,"minecraft:wooden_axe":1,"spartanshields:wooden_basic_shield":3,"minecraft:white_bed":1,"minecraft:torch":24},"minecraft:broken":{"minecraft:wooden_pickaxe":2,"minecraft:stone_pickaxe":2,"spartanshields:stone_basic_shield":1,"minecraft:stone_axe":5}},"DataVersion":3465}