{"stats":{"minecraft:custom":{"minecraft:mob_kills":73,"minecraft:interact_with_crafting_table":22,"minecraft:damage_dealt_resisted":149,"minecraft:leave_game":1,"minecraft:time_since_death":9804,"minecraft:climb_one_cm":9180,"minecraft:sprint_one_cm":248633,"minecraft:walk_one_cm":636477,"minecraft:damage_blocked_by_shield":2335,"minecraft:drop":25,"minecraft:talked_to_villager":9,"minecraft:play_time":138892,"minecraft:deaths":5,"minecraft:sneak_time":8223,"minecraft:walk_under_water_one_cm":65238,"minecraft:jump":2431,"minecraft:walk_on_water_one_cm":40300,"minecraft:total_world_time":138892,"minecraft:interact_with_furnace":45,"spartanshields:shield_bash_hits":1,"minecraft:sleep_in_bed":6,"minecraft:time_since_rest":3458,"minecraft:damage_taken":4882,"minecraft:damage_dealt":18198,"minecraft:swim_one_cm":122296,"minecraft:fly_one_cm":460458,"minecraft:player_kills":1,"minecraft:open_chest":14,"minecraft:crouch_one_cm":22631,"minecraft:fall_one_cm":63167},"minecraft:killed":{"alexsmobs:lobster":1,"minecraft:witch":1,"minecraft:spider":7,"farlanders:ender_guardian":3,"aquaculture:gar":1,"minecraft:skeleton":13,"minecraft:chicken":1,"alexsmobs:bison":12,"minecraft:drowned":1,"alexsmobs:flying_fish":2,"farlanders:farlander":3,"farlanders:looter":1,"farlanders:ender_golem":3,"minecraft:creeper":4,"minecraft:sheep":5,"minecraft:zombie":12,"alexsmobs:fly":1,"minecraft:cow":1},"minecraft:crafted":{"minecraft:oak_planks":72,"minecraft:cooked_chicken":1,"minecraft:furnace":1,"spartanshields:copper_basic_shield":1,"minecraft:cooked_mutton":9,"aquaculture:fish_fillet_raw":4,"alexsdelight:cooked_bison":37,"minecraft:stone_pickaxe":2,"aquaculture:fish_fillet_cooked":4,"alexsmobs:flying_fish_boots":1,"minecraft:red_dye":1,"minecraft:crafting_table":2,"minecraft:wooden_pickaxe":1,"minecraft:red_bed":1,"spartanshields:stone_basic_shield":1,"minecraft:copper_ingot":17,"minecraft:stone_axe":4,"minecraft:air":0,"aquaculture:iron_fillet_knife":1,"minecraft:charcoal":5,"minecraft:stick":24,"minecraft:brown_wool":3,"minecraft:iron_ingot":2,"minecraft:wooden_axe":1,"spartanshields:wooden_basic_shield":2,"minecraft:white_bed":1,"minecraft:torch":24},"minecraft:broken":{"minecraft:wooden_pickaxe":1,"minecraft:stone_pickaxe":1,"spartanshields:stone_basic_shield":1,"minecraft:stone_axe":3},"minecraft:picked_up":{"minecraft:fishing_rod":1,"minecraft:crafting_table":7,"minecraft:chicken":1,"exoticbirds:pigeon_egg":1,"minecraft:stone_brick_stairs":1,"minecraft:string":3,"minecraft:red_bed":3,"minecraft:raw_copper":74,"farlanders:ender_horn":6,"minecraft:beef":1,"minecraft:furnace":6,"quark:orange_corundum_cluster":1,"minecraft:raw_iron":30,"minecraft:stick":3,"minecraft:polished_deepslate_slab":1,"minecraft:arrow":28,"minecraft:rotten_flesh":10,"alexsdelight:raw_bison":39,"minecraft:mutton":9,"minecraft:white_wool":4,"alexsmobs:flying_fish":2,"minecraft:cobblestone":88,"minecraft:stripped_oak_log":1,"minecraft:feather":2,"minecraft:andesite":2,"minecraft:brown_wool":1,"minecraft:leather":1,"alexsmobs:bison_fur":15,"minecraft:oak_log":22,"minecraft:gunpowder":3,"minecraft:lapis_lazuli":83,"minecraft:dirt":14,"regions_unexplored:waratah":1,"regions_unexplored:aster":3,"minecraft:bone":17,"minecraft:apple":2,"minecraft:kelp":6,"minecraft:bow":1,"minecraft:wheat_seeds":2,"aquaculture:gar":1,"minecraft:white_bed":2,"minecraft:spider_eye":3,"minecraft:stone_axe":2,"minecraft:oak_sapling":1,"minecraft:black_wool":2,"minecraft:coal":124},"minecraft:dropped":{"minecraft:wheat_seeds":1,"quark:orange_corundum_cluster":1,"minecraft:apple":1,"alexsmobs:bison_fur":3,"alexsdelight:cooked_bison":2,"minecraft:wooden_axe":1,"minecraft:brown_wool":4,"minecraft:stone_axe":2,"minecraft:kelp":6,"minecraft:cooked_chicken":1,"minecraft:rotten_flesh":8,"regions_unexplored:aster":3,"minecraft:white_bed":1,"exoticbirds:pigeon_egg":1,"minecraft:filled_map":1,"minecraft:oak_sapling":1,"minecraft:spider_eye":3,"minecraft:bow":1,"minecraft:stone_brick_stairs":1,"minecraft:black_wool":2},"minecraft:killed_by":{"alexsmobs:bison":1,"farlanders:ender_golem":1,"minecraft:zombie":1},"minecraft:used":{"minecraft:torch":17,"minecraft:dirt":3,"minecraft:wooden_axe":25,"spartanshields:copper_basic_shield":69,"minecraft:furnace":6,"aquaculture:fish_fillet_cooked":4,"alexsdelight:cooked_bison":23,"minecraft:cooked_mutton":9,"minecraft:stone_pickaxe":255,"minecraft:oak_planks":13,"minecraft:wooden_pickaxe":59,"minecraft:crafting_table":8,"minecraft:red_bed":3,"minecraft:white_bed":1,"minecraft:apple":1,"spartanshields:stone_basic_shield":48,"minecraft:stone_axe":225,"minecraft:cobblestone":57,"alexsmobs:animal_dictionary":1},"minecraft:mined":{"minecraft:white_bed":1,"exoticbirds:nest":1,"minecraft:cobbled_deepslate_slab":1,"minecraft:grass_block":6,"regions_unexplored:aster":3,"quark:orange_corundum_cluster":1,"minecraft:furnace":6,"minecraft:iron_ore":30,"regions_unexplored:waratah":1,"minecraft:andesite":1,"minecraft:polished_deepslate_slab":1,"minecraft:stripped_oak_log":1,"regions_unexplored:medium_grass":1,"minecraft:stone":87,"minecraft:red_bed":3,"minecraft:crafting_table":7,"minecraft:calcite":1,"minecraft:tall_grass":1,"minecraft:copper_ore":23,"minecraft:cobblestone":2,"minecraft:lapis_ore":13,"minecraft:diorite":1,"minecraft:amethyst_block":1,"minecraft:stone_brick_stairs":1,"minecraft:grass":10,"minecraft:oak_log":22,"minecraft:coal_ore":127,"minecraft:dirt":9,"minecraft:smooth_basalt":2,"minecraft:stone_bricks":4,"minecraft:oak_leaves":4}},"DataVersion":3465}