{"stats":{"minecraft:custom":{"minecraft:interact_with_furnace":43,"spartanshields:shield_bash_hits":1,"minecraft:mob_kills":65,"minecraft:interact_with_crafting_table":20,"minecraft:damage_dealt_resisted":149,"minecraft:leave_game":1,"minecraft:time_since_death":7328,"minecraft:sleep_in_bed":4,"minecraft:climb_one_cm":8462,"minecraft:time_since_rest":4830,"minecraft:sprint_one_cm":132813,"minecraft:damage_taken":3996,"minecraft:walk_one_cm":523836,"minecraft:damage_blocked_by_shield":1845,"minecraft:drop":21,"minecraft:damage_dealt":14878,"minecraft:swim_one_cm":64028,"minecraft:fly_one_cm":250539,"minecraft:talked_to_villager":9,"minecraft:player_kills":1,"minecraft:open_chest":4,"minecraft:play_time":108892,"minecraft:crouch_one_cm":20389,"minecraft:sneak_time":7401,"minecraft:deaths":4,"minecraft:walk_under_water_one_cm":51262,"minecraft:jump":1644,"minecraft:walk_on_water_one_cm":30103,"minecraft:total_world_time":108892,"minecraft:fall_one_cm":43311},"minecraft:killed":{"alexsmobs:lobster":1,"minecraft:witch":1,"farlanders:looter":1,"minecraft:spider":7,"farlanders:ender_guardian":3,"aquaculture:gar":1,"farlanders:ender_golem":1,"minecraft:creeper":3,"minecraft:skeleton":13,"minecraft:sheep":5,"minecraft:zombie":12,"minecraft:chicken":1,"alexsmobs:bison":11,"alexsmobs:fly":1,"alexsmobs:flying_fish":2,"farlanders:farlander":1},"minecraft:crafted":{"minecraft:red_dye":1,"minecraft:oak_planks":48,"minecraft:crafting_table":1,"minecraft:cooked_chicken":1,"minecraft:wooden_pickaxe":1,"minecraft:red_bed":1,"minecraft:furnace":1,"spartanshields:stone_basic_shield":1,"minecraft:copper_ingot":17,"minecraft:stone_axe":3,"spartanshields:copper_basic_shield":1,"minecraft:cooked_mutton":9,"minecraft:air":0,"aquaculture:fish_fillet_raw":4,"aquaculture:iron_fillet_knife":1,"alexsdelight:cooked_bison":29,"minecraft:charcoal":5,"minecraft:stick":20,"minecraft:brown_wool":3,"minecraft:iron_ingot":2,"minecraft:stone_pickaxe":2,"minecraft:wooden_axe":1,"aquaculture:fish_fillet_cooked":4,"spartanshields:wooden_basic_shield":2,"minecraft:white_bed":1,"alexsmobs:flying_fish_boots":1,"minecraft:torch":24},"minecraft:broken":{"minecraft:stone_pickaxe":1,"spartanshields:stone_basic_shield":1,"minecraft:stone_axe":2,"minecraft:wooden_pickaxe":1},"minecraft:picked_up":{"minecraft:stripped_oak_log":1,"minecraft:crafting_table":6,"minecraft:feather":2,"minecraft:chicken":1,"exoticbirds:pigeon_egg":1,"minecraft:andesite":2,"minecraft:brown_wool":1,"alexsmobs:bison_fur":15,"minecraft:stone_brick_stairs":1,"minecraft:oak_log":22,"minecraft:gunpowder":2,"minecraft:lapis_lazuli":83,"minecraft:string":3,"minecraft:dirt":14,"minecraft:red_bed":2,"minecraft:raw_copper":71,"regions_unexplored:waratah":1,"farlanders:ender_horn":2,"regions_unexplored:aster":3,"minecraft:bone":17,"minecraft:apple":2,"minecraft:kelp":6,"minecraft:bow":1,"minecraft:wheat_seeds":1,"quark:orange_corundum_cluster":1,"minecraft:furnace":5,"minecraft:stick":3,"minecraft:raw_iron":30,"aquaculture:gar":1,"minecraft:white_bed":2,"minecraft:spider_eye":3,"minecraft:arrow":28,"minecraft:rotten_flesh":8,"minecraft:stone_axe":2,"alexsdelight:raw_bison":37,"minecraft:oak_sapling":1,"minecraft:black_wool":1,"minecraft:mutton":9,"minecraft:coal":124,"alexsmobs:flying_fish":2,"minecraft:white_wool":4,"minecraft:cobblestone":88},"minecraft:dropped":{"minecraft:stone_axe":2,"minecraft:kelp":6,"minecraft:wheat_seeds":1,"quark:orange_corundum_cluster":1,"minecraft:rotten_flesh":8,"minecraft:apple":1,"regions_unexplored:aster":3,"minecraft:white_bed":1,"alexsmobs:bison_fur":3,"exoticbirds:pigeon_egg":1,"alexsdelight:cooked_bison":1,"minecraft:wooden_axe":1,"minecraft:brown_wool":4,"minecraft:oak_sapling":1,"minecraft:spider_eye":3,"minecraft:bow":1,"minecraft:stone_brick_stairs":1,"minecraft:black_wool":1},"minecraft:killed_by":{"minecraft:zombie":1,"alexsmobs:bison":1},"minecraft:used":{"minecraft:cooked_mutton":9,"minecraft:stone_pickaxe":250,"minecraft:oak_planks":4,"minecraft:wooden_pickaxe":59,"minecraft:torch":17,"minecraft:dirt":3,"minecraft:crafting_table":7,"minecraft:red_bed":2,"minecraft:white_bed":1,"minecraft:wooden_axe":25,"minecraft:apple":1,"spartanshields:stone_basic_shield":48,"minecraft:stone_axe":185,"minecraft:cobblestone":57,"spartanshields:copper_basic_shield":58,"minecraft:furnace":6,"alexsmobs:animal_dictionary":1,"alexsdelight:cooked_bison":17},"minecraft:mined":{"minecraft:white_bed":1,"minecraft:red_bed":2,"exoticbirds:nest":1,"minecraft:crafting_table":6,"minecraft:calcite":1,"minecraft:grass_block":6,"regions_unexplored:aster":3,"minecraft:copper_ore":22,"minecraft:tall_grass":1,"minecraft:cobblestone":2,"minecraft:lapis_ore":13,"quark:orange_corundum_cluster":1,"minecraft:diorite":1,"minecraft:amethyst_block":1,"minecraft:furnace":5,"minecraft:iron_ore":30,"regions_unexplored:waratah":1,"minecraft:andesite":1,"minecraft:stone_brick_stairs":1,"minecraft:grass":9,"minecraft:coal_ore":127,"minecraft:oak_log":22,"minecraft:dirt":9,"minecraft:stripped_oak_log":1,"regions_unexplored:medium_grass":1,"minecraft:smooth_basalt":2,"minecraft:stone":87,"minecraft:stone_bricks":4,"minecraft:oak_leaves":4}},"DataVersion":3465}