{"stats":{"minecraft:custom":{"minecraft:interact_with_furnace":1,"minecraft:time_since_rest":13420,"minecraft:crouch_one_cm":4637,"minecraft:play_time":13420,"minecraft:sprint_one_cm":21002,"minecraft:damage_taken":100,"minecraft:walk_one_cm":31314,"minecraft:sneak_time":2014,"minecraft:walk_under_water_one_cm":1721,"minecraft:mob_kills":3,"minecraft:jump":181,"minecraft:damage_dealt":320,"minecraft:walk_on_water_one_cm":98,"minecraft:time_since_death":13420,"minecraft:total_world_time":13420,"minecraft:fall_one_cm":1788,"minecraft:swim_one_cm":5794,"minecraft:interact_with_crafting_table":2,"minecraft:fly_one_cm":20162},"minecraft:killed":{"minecraft:sheep":2,"minecraft:spider":1},"minecraft:crafted":{"minecraft:furnace":1,"minecraft:oak_planks":44,"minecraft:crafting_table":1,"minecraft:stick":4,"minecraft:wooden_pickaxe":1,"minecraft:wooden_axe":1},"minecraft:picked_up":{"minecraft:oak_log":11,"minecraft:coal":3,"minecraft:mutton":3,"minecraft:white_wool":2,"minecraft:string":1,"minecraft:dirt":8,"minecraft:cobblestone":52},"minecraft:used":{"minecraft:wooden_axe":11,"minecraft:dirt":3,"minecraft:cobblestone":2,"minecraft:crafting_table":1,"minecraft:furnace":1,"alexsmobs:animal_dictionary":1,"minecraft:wooden_pickaxe":57},"minecraft:mined":{"minecraft:coal_ore":3,"minecraft:grass_block":3,"minecraft:oak_log":11,"minecraft:dirt":7,"minecraft:stone":54,"minecraft:oak_leaves":4}},"DataVersion":3465}