{"stats":{"minecraft:killed":{"alexsmobs:lobster":1,"minecraft:witch":1,"minecraft:spider":10,"minecraft:vindicator":1,"farlanders:ender_guardian":3,"aquaculture:gar":1,"minecraft:horse":2,"minecraft:skeleton":14,"minecraft:chicken":1,"minecraft:drowned":1,"alexsmobs:bison":12,"alexsmobs:flying_fish":2,"farlanders:farlander":3,"farlanders:looter":1,"farlanders:ender_golem":3,"minecraft:creeper":4,"minecraft:sheep":5,"minecraft:pillager":8,"minecraft:zombie":12,"alexsmobs:fly":1,"minecraft:cow":5},"minecraft:custom":{"minecraft:mob_kills":92,"minecraft:interact_with_crafting_table":35,"minecraft:open_barrel":8,"minecraft:damage_dealt_resisted":149,"minecraft:leave_game":3,"minecraft:time_since_death":110335,"minecraft:climb_one_cm":15948,"minecraft:sprint_one_cm":378639,"minecraft:walk_one_cm":783442,"minecraft:damage_blocked_by_shield":2720,"minecraft:drop":36,"minecraft:talked_to_villager":9,"minecraft:play_time":239423,"minecraft:deaths":5,"minecraft:sneak_time":10061,"minecraft:walk_under_water_one_cm":71637,"minecraft:jump":3224,"minecraft:walk_on_water_one_cm":44856,"minecraft:total_world_time":239423,"minecraft:interact_with_furnace":61,"spartanshields:shield_bash_hits":1,"minecraft:sleep_in_bed":7,"minecraft:time_since_rest":66101,"minecraft:waystone_activated":3,"minecraft:damage_taken":5454,"minecraft:damage_dealt":22008,"minecraft:swim_one_cm":158680,"minecraft:fly_one_cm":617358,"minecraft:player_kills":1,"minecraft:open_chest":35,"minecraft:crouch_one_cm":25199,"minecraft:fall_one_cm":79734},"minecraft:mined":{"minecraft:white_bed":1,"exoticbirds:nest":1,"minecraft:cobbled_deepslate_slab":1,"minecraft:grass_block":10,"regions_unexplored:aster":3,"minecraft:spruce_leaves":1,"quark:orange_corundum_cluster":1,"minecraft:spawner":1,"minecraft:furnace":6,"minecraft:iron_ore":30,"regions_unexplored:waratah":1,"minecraft:andesite":1,"minecraft:polished_deepslate_slab":1,"minecraft:stripped_oak_log":1,"regions_unexplored:medium_grass":2,"minecraft:stone":163,"minecraft:red_bed":3,"minecraft:deepslate_brick_wall":2,"minecraft:crafting_table":8,"minecraft:calcite":1,"minecraft:tall_grass":1,"minecraft:copper_ore":23,"minecraft:cobblestone":2,"minecraft:lapis_ore":13,"minecraft:oak_planks":5,"minecraft:diorite":1,"minecraft:amethyst_block":1,"minecraft:stone_brick_stairs":1,"minecraft:grass":10,"minecraft:oak_log":32,"minecraft:coal_ore":127,"minecraft:dirt":23,"minecraft:smooth_basalt":2,"minecraft:stone_bricks":4,"minecraft:oak_leaves":10},"minecraft:used":{"minecraft:oak_sign":1,"minecraft:torch":19,"minecraft:dirt":3,"minecraft:wooden_axe":25,"spartanshields:copper_basic_shield":83,"minecraft:furnace":6,"aquaculture:fish_fillet_cooked":4,"alexsdelight:cooked_bison":30,"minecraft:cooked_mutton":9,"minecraft:stone_pickaxe":276,"minecraft:oak_planks":13,"minecraft:wooden_pickaxe":118,"minecraft:crafting_table":10,"minecraft:red_bed":4,"minecraft:white_bed":1,"minecraft:apple":1,"spartanshields:stone_basic_shield":48,"minecraft:stone_axe":293,"minecraft:cobblestone":57,"alexsmobs:animal_dictionary":1},"minecraft:killed_by":{"alexsmobs:bison":1,"farlanders:ender_golem":1,"minecraft:zombie":1},"minecraft:picked_up":{"minecraft:fishing_rod":1,"minecraft:crafting_table":8,"minecraft:chicken":1,"exoticbirds:pigeon_egg":1,"minecraft:stone_brick_stairs":1,"minecraft:string":5,"minecraft:red_bed":3,"minecraft:raw_copper":74,"farlanders:ender_horn":6,"minecraft:beef":8,"quark:orange_corundum_cluster":1,"minecraft:furnace":6,"minecraft:stick":3,"minecraft:raw_iron":30,"minecraft:polished_deepslate_slab":1,"minecraft:deepslate_brick_wall":1,"minecraft:arrow":28,"minecraft:rotten_flesh":10,"alexsdelight:raw_bison":39,"minecraft:mutton":9,"alexsmobs:flying_fish":2,"minecraft:white_wool":4,"minecraft:cobblestone":162,"minecraft:stripped_oak_log":1,"minecraft:feather":2,"minecraft:andesite":2,"minecraft:brown_wool":1,"minecraft:leather":8,"alexsmobs:bison_fur":15,"minecraft:oak_log":32,"minecraft:gunpowder":3,"minecraft:lapis_lazuli":83,"minecraft:dirt":58,"regions_unexplored:waratah":1,"regions_unexplored:aster":3,"minecraft:bone":18,"minecraft:apple":2,"minecraft:kelp":12,"minecraft:bow":1,"minecraft:wheat_seeds":3,"minecraft:oak_planks":5,"aquaculture:gar":1,"minecraft:white_bed":2,"minecraft:spider_eye":3,"minecraft:stone_axe":2,"minecraft:oak_sapling":2,"minecraft:black_wool":2,"minecraft:coal":124},"minecraft:dropped":{"spartanshields:copper_basic_shield":1,"minecraft:wheat_seeds":2,"minecraft:deepslate_brick_wall":1,"minecraft:crafting_table":1,"quark:orange_corundum_cluster":1,"minecraft:cobblestone":1,"minecraft:apple":1,"alexsmobs:bison_fur":3,"minecraft:dirt":28,"alexsdelight:cooked_bison":3,"minecraft:wooden_axe":1,"minecraft:brown_wool":4,"minecraft:string":1,"minecraft:stone_axe":2,"minecraft:kelp":12,"minecraft:cooked_chicken":1,"minecraft:rotten_flesh":10,"regions_unexplored:aster":3,"minecraft:white_bed":1,"minecraft:flint_and_steel":1,"exoticbirds:pigeon_egg":1,"minecraft:filled_map":1,"minecraft:oak_sapling":1,"minecraft:spider_eye":3,"minecraft:bow":1,"minecraft:stone_brick_stairs":1,"minecraft:black_wool":2},"minecraft:crafted":{"minecraft:smooth_stone":3,"minecraft:oak_planks":96,"minecraft:oak_sign":3,"minecraft:cooked_chicken":1,"minecraft:furnace":3,"minecraft:blast_furnace":1,"minecraft:stone":3,"spartanshields:copper_basic_shield":2,"minecraft:cooked_mutton":9,"aquaculture:fish_fillet_raw":4,"alexsdelight:cooked_bison":39,"minecraft:stone_pickaxe":3,"aquaculture:fish_fillet_cooked":4,"alexsmobs:flying_fish_boots":1,"minecraft:smoker":1,"minecraft:red_dye":1,"minecraft:crafting_table":3,"minecraft:wooden_pickaxe":3,"minecraft:red_bed":1,"spartanshields:stone_basic_shield":1,"minecraft:copper_ingot":74,"minecraft:stone_axe":5,"minecraft:air":0,"aquaculture:iron_fillet_knife":1,"minecraft:charcoal":5,"minecraft:stick":36,"minecraft:brown_wool":3,"minecraft:iron_ingot":2,"minecraft:wooden_axe":1,"spartanshields:wooden_basic_shield":3,"minecraft:white_bed":1,"minecraft:torch":24},"minecraft:broken":{"minecraft:wooden_pickaxe":2,"minecraft:stone_pickaxe":2,"spartanshields:stone_basic_shield":1,"minecraft:stone_axe":4}},"DataVersion":3465}