{"stats":{"minecraft:custom":{"minecraft:interact_with_furnace":24,"minecraft:mob_kills":39,"minecraft:interact_with_crafting_table":10,"minecraft:time_since_death":49420,"minecraft:sleep_in_bed":1,"minecraft:time_since_rest":6514,"minecraft:sprint_one_cm":54480,"minecraft:damage_taken":1015,"minecraft:walk_one_cm":261388,"minecraft:damage_blocked_by_shield":505,"minecraft:drop":4,"minecraft:damage_dealt":6288,"minecraft:swim_one_cm":24147,"minecraft:fly_one_cm":80253,"minecraft:crouch_one_cm":6954,"minecraft:play_time":49420,"minecraft:sneak_time":2845,"minecraft:walk_under_water_one_cm":30138,"minecraft:jump":694,"minecraft:walk_on_water_one_cm":9829,"minecraft:total_world_time":49420,"minecraft:fall_one_cm":9186},"minecraft:killed":{"alexsmobs:lobster":1,"minecraft:spider":6,"aquaculture:gar":1,"minecraft:creeper":2,"minecraft:sheep":5,"minecraft:skeleton":11,"minecraft:zombie":9,"minecraft:chicken":1,"alexsmobs:bison":1,"alexsmobs:flying_fish":2},"minecraft:crafted":{"minecraft:oak_planks":44,"minecraft:crafting_table":1,"minecraft:wooden_pickaxe":1,"minecraft:furnace":1,"spartanshields:stone_basic_shield":1,"minecraft:stone_axe":2,"minecraft:cooked_mutton":9,"minecraft:air":0,"alexsdelight:cooked_bison":4,"minecraft:charcoal":5,"minecraft:stick":12,"minecraft:stone_pickaxe":2,"minecraft:wooden_axe":1,"spartanshields:wooden_basic_shield":1,"minecraft:white_bed":1,"alexsmobs:flying_fish_boots":1},"minecraft:broken":{"minecraft:stone_axe":1,"minecraft:wooden_pickaxe":1},"minecraft:picked_up":{"minecraft:crafting_table":5,"minecraft:feather":2,"minecraft:chicken":1,"alexsmobs:bison_fur":2,"minecraft:oak_log":22,"minecraft:gunpowder":2,"minecraft:string":3,"minecraft:dirt":8,"minecraft:raw_copper":26,"regions_unexplored:waratah":1,"regions_unexplored:aster":3,"minecraft:bone":14,"minecraft:apple":2,"minecraft:kelp":6,"minecraft:bow":1,"minecraft:wheat_seeds":1,"minecraft:furnace":4,"minecraft:stick":2,"minecraft:raw_iron":2,"aquaculture:gar":1,"minecraft:white_bed":1,"minecraft:spider_eye":2,"minecraft:arrow":18,"minecraft:rotten_flesh":8,"minecraft:stone_axe":1,"alexsdelight:raw_bison":4,"minecraft:oak_sapling":1,"minecraft:mutton":9,"minecraft:black_wool":1,"minecraft:coal":23,"minecraft:white_wool":4,"alexsmobs:flying_fish":2,"minecraft:cobblestone":66},"minecraft:dropped":{"minecraft:stone_axe":1,"minecraft:apple":1,"minecraft:wooden_axe":1,"minecraft:black_wool":1},"minecraft:used":{"minecraft:cooked_mutton":9,"minecraft:stone_pickaxe":45,"minecraft:wooden_pickaxe":59,"minecraft:dirt":3,"minecraft:crafting_table":5,"minecraft:white_bed":1,"minecraft:wooden_axe":25,"minecraft:apple":1,"spartanshields:stone_basic_shield":23,"minecraft:stone_axe":85,"minecraft:cobblestone":2,"minecraft:furnace":4,"alexsmobs:animal_dictionary":1,"alexsdelight:cooked_bison":2},"minecraft:mined":{"minecraft:white_bed":1,"exoticbirds:nest":1,"minecraft:crafting_table":5,"minecraft:grass_block":3,"regions_unexplored:aster":3,"minecraft:copper_ore":7,"minecraft:furnace":4,"minecraft:iron_ore":2,"regions_unexplored:waratah":1,"minecraft:grass":8,"minecraft:coal_ore":23,"minecraft:oak_log":22,"minecraft:dirt":7,"regions_unexplored:medium_grass":1,"minecraft:stone":68,"minecraft:oak_leaves":4}},"DataVersion":3465}