{"stats":{"minecraft:custom":{"minecraft:interact_with_furnace":37,"minecraft:mob_kills":50,"minecraft:interact_with_crafting_table":17,"minecraft:time_since_death":3276,"minecraft:sleep_in_bed":1,"minecraft:climb_one_cm":8462,"minecraft:time_since_rest":3318,"minecraft:sprint_one_cm":98138,"minecraft:damage_taken":2541,"minecraft:walk_one_cm":345863,"minecraft:damage_blocked_by_shield":1135,"minecraft:drop":11,"minecraft:damage_dealt":9934,"minecraft:swim_one_cm":60350,"minecraft:fly_one_cm":186380,"minecraft:deaths":1,"minecraft:crouch_one_cm":8729,"minecraft:play_time":73420,"minecraft:sneak_time":3535,"minecraft:walk_under_water_one_cm":38460,"minecraft:jump":1083,"minecraft:walk_on_water_one_cm":22208,"minecraft:total_world_time":73420,"minecraft:fall_one_cm":25314},"minecraft:killed":{"alexsmobs:lobster":1,"minecraft:spider":6,"aquaculture:gar":1,"minecraft:creeper":2,"minecraft:sheep":5,"minecraft:skeleton":11,"minecraft:zombie":9,"minecraft:chicken":1,"alexsmobs:fly":1,"alexsmobs:bison":10,"alexsmobs:flying_fish":2},"minecraft:crafted":{"minecraft:oak_planks":44,"minecraft:crafting_table":1,"minecraft:wooden_pickaxe":1,"minecraft:furnace":1,"spartanshields:stone_basic_shield":1,"minecraft:copper_ingot":4,"minecraft:stone_axe":2,"spartanshields:copper_basic_shield":1,"minecraft:cooked_mutton":9,"minecraft:air":0,"aquaculture:fish_fillet_raw":4,"aquaculture:iron_fillet_knife":1,"alexsdelight:cooked_bison":29,"minecraft:charcoal":5,"minecraft:stick":16,"minecraft:brown_wool":2,"minecraft:iron_ingot":2,"minecraft:stone_pickaxe":2,"minecraft:wooden_axe":1,"spartanshields:wooden_basic_shield":2,"minecraft:white_bed":1,"minecraft:torch":4,"alexsmobs:flying_fish_boots":1},"minecraft:broken":{"spartanshields:stone_basic_shield":1,"minecraft:stone_axe":1,"minecraft:wooden_pickaxe":1},"minecraft:picked_up":{"minecraft:crafting_table":5,"minecraft:feather":2,"minecraft:chicken":1,"exoticbirds:pigeon_egg":1,"alexsmobs:bison_fur":15,"minecraft:oak_log":22,"minecraft:gunpowder":2,"minecraft:string":3,"minecraft:dirt":9,"minecraft:raw_copper":26,"regions_unexplored:waratah":1,"regions_unexplored:aster":3,"minecraft:bone":14,"minecraft:apple":2,"minecraft:kelp":6,"minecraft:bow":1,"minecraft:wheat_seeds":1,"minecraft:furnace":4,"minecraft:stick":2,"minecraft:raw_iron":2,"aquaculture:gar":1,"minecraft:white_bed":2,"minecraft:spider_eye":2,"minecraft:arrow":18,"minecraft:rotten_flesh":8,"minecraft:stone_axe":1,"alexsdelight:raw_bison":35,"minecraft:oak_sapling":1,"minecraft:mutton":9,"minecraft:black_wool":1,"minecraft:coal":33,"minecraft:white_wool":4,"alexsmobs:flying_fish":2,"minecraft:cobblestone":69},"minecraft:dropped":{"minecraft:stone_axe":1,"minecraft:apple":1,"regions_unexplored:aster":3,"minecraft:white_bed":1,"alexsmobs:bison_fur":3,"exoticbirds:pigeon_egg":1,"alexsdelight:cooked_bison":1,"minecraft:wooden_axe":1,"minecraft:brown_wool":2,"minecraft:oak_sapling":1,"minecraft:black_wool":1},"minecraft:killed_by":{"alexsmobs:bison":1},"minecraft:used":{"minecraft:cooked_mutton":9,"minecraft:stone_pickaxe":60,"minecraft:wooden_pickaxe":59,"minecraft:torch":4,"minecraft:dirt":3,"minecraft:crafting_table":6,"minecraft:white_bed":1,"minecraft:wooden_axe":25,"minecraft:apple":1,"spartanshields:stone_basic_shield":48,"minecraft:stone_axe":122,"minecraft:cobblestone":6,"spartanshields:copper_basic_shield":25,"minecraft:furnace":5,"alexsmobs:animal_dictionary":1,"alexsdelight:cooked_bison":12},"minecraft:mined":{"minecraft:white_bed":1,"exoticbirds:nest":1,"minecraft:crafting_table":5,"minecraft:grass_block":4,"regions_unexplored:aster":3,"minecraft:copper_ore":7,"minecraft:furnace":4,"minecraft:iron_ore":2,"regions_unexplored:waratah":1,"minecraft:grass":8,"minecraft:coal_ore":34,"minecraft:oak_log":22,"minecraft:dirt":7,"regions_unexplored:medium_grass":1,"minecraft:stone":71,"minecraft:oak_leaves":4}},"DataVersion":3465}