{"stats":{"minecraft:custom":{"minecraft:interact_with_furnace":27,"minecraft:mob_kills":45,"minecraft:interact_with_crafting_table":10,"minecraft:time_since_death":61420,"minecraft:sleep_in_bed":1,"minecraft:climb_one_cm":7010,"minecraft:time_since_rest":18514,"minecraft:sprint_one_cm":72435,"minecraft:damage_taken":1596,"minecraft:walk_one_cm":305482,"minecraft:damage_blocked_by_shield":505,"minecraft:drop":6,"minecraft:damage_dealt":7974,"minecraft:swim_one_cm":26642,"minecraft:fly_one_cm":130442,"minecraft:crouch_one_cm":7838,"minecraft:play_time":61420,"minecraft:sneak_time":3083,"minecraft:walk_under_water_one_cm":37381,"minecraft:jump":880,"minecraft:walk_on_water_one_cm":20837,"minecraft:total_world_time":61420,"minecraft:fall_one_cm":16580},"minecraft:killed":{"alexsmobs:lobster":1,"minecraft:spider":6,"aquaculture:gar":1,"minecraft:creeper":2,"minecraft:sheep":5,"minecraft:skeleton":11,"minecraft:zombie":9,"minecraft:chicken":1,"alexsmobs:fly":1,"alexsmobs:bison":5,"alexsmobs:flying_fish":2},"minecraft:crafted":{"minecraft:oak_planks":44,"minecraft:crafting_table":1,"minecraft:wooden_pickaxe":1,"minecraft:furnace":1,"spartanshields:stone_basic_shield":1,"minecraft:stone_axe":2,"minecraft:cooked_mutton":9,"minecraft:air":0,"alexsdelight:cooked_bison":9,"minecraft:charcoal":5,"minecraft:stick":12,"minecraft:stone_pickaxe":2,"minecraft:wooden_axe":1,"spartanshields:wooden_basic_shield":1,"minecraft:white_bed":1,"minecraft:torch":4,"alexsmobs:flying_fish_boots":1},"minecraft:broken":{"minecraft:stone_axe":1,"minecraft:wooden_pickaxe":1},"minecraft:picked_up":{"minecraft:crafting_table":5,"minecraft:feather":2,"minecraft:chicken":1,"exoticbirds:pigeon_egg":1,"alexsmobs:bison_fur":9,"minecraft:oak_log":22,"minecraft:gunpowder":2,"minecraft:string":3,"minecraft:dirt":9,"minecraft:raw_copper":26,"regions_unexplored:waratah":1,"regions_unexplored:aster":3,"minecraft:bone":14,"minecraft:apple":2,"minecraft:kelp":6,"minecraft:bow":1,"minecraft:wheat_seeds":1,"minecraft:furnace":4,"minecraft:stick":2,"minecraft:raw_iron":2,"aquaculture:gar":1,"minecraft:white_bed":1,"minecraft:spider_eye":2,"minecraft:arrow":18,"minecraft:rotten_flesh":8,"minecraft:stone_axe":1,"alexsdelight:raw_bison":20,"minecraft:oak_sapling":1,"minecraft:mutton":9,"minecraft:black_wool":1,"minecraft:coal":33,"minecraft:white_wool":4,"alexsmobs:flying_fish":2,"minecraft:cobblestone":69},"minecraft:dropped":{"minecraft:stone_axe":1,"minecraft:apple":1,"exoticbirds:pigeon_egg":1,"minecraft:wooden_axe":1,"minecraft:oak_sapling":1,"minecraft:black_wool":1},"minecraft:used":{"minecraft:cooked_mutton":9,"minecraft:stone_pickaxe":60,"minecraft:wooden_pickaxe":59,"minecraft:torch":4,"minecraft:dirt":3,"minecraft:crafting_table":5,"minecraft:white_bed":1,"minecraft:wooden_axe":25,"minecraft:apple":1,"spartanshields:stone_basic_shield":26,"minecraft:stone_axe":104,"minecraft:cobblestone":6,"minecraft:furnace":5,"alexsmobs:animal_dictionary":1,"alexsdelight:cooked_bison":6},"minecraft:mined":{"minecraft:white_bed":1,"exoticbirds:nest":1,"minecraft:crafting_table":5,"minecraft:grass_block":4,"regions_unexplored:aster":3,"minecraft:copper_ore":7,"minecraft:furnace":4,"minecraft:iron_ore":2,"regions_unexplored:waratah":1,"minecraft:grass":8,"minecraft:coal_ore":34,"minecraft:oak_log":22,"minecraft:dirt":7,"regions_unexplored:medium_grass":1,"minecraft:stone":71,"minecraft:oak_leaves":4}},"DataVersion":3465}