{"stats":{"minecraft:killed":{"alexsmobs:lobster":1,"minecraft:witch":1,"minecraft:spider":13,"minecraft:vindicator":1,"farlanders:ender_guardian":3,"farlanders:fanmade_enderman":1,"aquaculture:gar":1,"alexsmobs:seagull":2,"minecraft:horse":3,"minecraft:skeleton":21,"minecraft:chicken":1,"minecraft:drowned":1,"alexsmobs:bison":12,"alexsmobs:flying_fish":2,"farlanders:farlander":5,"minecraft:pig":6,"farlanders:looter":1,"minecraft:zombie_villager":1,"farlanders:ender_golem":5,"minecraft:creeper":7,"minecraft:sheep":5,"minecraft:pillager":8,"minecraft:zombie":73,"alexsmobs:fly":2,"minecraft:cow":5},"minecraft:custom":{"minecraft:mob_kills":184,"minecraft:animals_bred":1,"minecraft:interact_with_crafting_table":41,"minecraft:open_barrel":8,"minecraft:damage_dealt_resisted":149,"minecraft:leave_game":3,"minecraft:time_since_death":266335,"minecraft:climb_one_cm":15948,"minecraft:sprint_one_cm":600736,"minecraft:walk_one_cm":1467007,"minecraft:damage_blocked_by_shield":4183,"minecraft:drop":53,"minecraft:talked_to_villager":10,"minecraft:play_time":395423,"minecraft:deaths":5,"minecraft:sneak_time":14244,"minecraft:walk_under_water_one_cm":85015,"minecraft:jump":4993,"minecraft:walk_on_water_one_cm":70026,"minecraft:total_world_time":395423,"minecraft:interact_with_furnace":73,"spartanshields:shield_bash_hits":4,"minecraft:sleep_in_bed":9,"minecraft:time_since_rest":89161,"minecraft:waystone_activated":4,"minecraft:damage_taken":7776,"minecraft:damage_dealt":40512,"minecraft:swim_one_cm":197603,"minecraft:fly_one_cm":832650,"minecraft:player_kills":1,"minecraft:open_chest":81,"minecraft:crouch_one_cm":34526,"minecraft:fall_one_cm":112514},"minecraft:mined":{"minecraft:white_bed":1,"minecraft:mossy_cobblestone":1,"exoticbirds:nest":1,"minecraft:cobbled_deepslate_slab":1,"minecraft:grass_block":11,"regions_unexplored:aster":3,"minecraft:spruce_leaves":1,"quark:orange_corundum_cluster":1,"minecraft:spawner":3,"minecraft:hay_block":12,"minecraft:furnace":6,"minecraft:iron_ore":58,"minecraft:fire":2,"regions_unexplored:waratah":1,"minecraft:andesite":1,"minecraft:polished_deepslate_slab":1,"minecraft:stripped_oak_log":1,"regions_unexplored:medium_grass":7,"regions_unexplored:silt_grass_block":1,"minecraft:stone":179,"minecraft:red_bed":3,"minecraft:deepslate_brick_wall":2,"minecraft:crafting_table":8,"minecraft:calcite":1,"minecraft:polished_andesite_stairs":1,"minecraft:tall_grass":1,"minecraft:copper_ore":23,"minecraft:cobblestone":19,"minecraft:lapis_ore":13,"minecraft:oak_planks":5,"minecraft:wall_torch":2,"minecraft:diorite":1,"minecraft:amethyst_block":1,"minecraft:skeleton_skull":1,"regions_unexplored:hyssop":3,"minecraft:smooth_stone_slab":3,"minecraft:stone_brick_stairs":1,"minecraft:grass":15,"minecraft:oak_log":47,"minecraft:coal_ore":228,"minecraft:dirt":25,"minecraft:cobweb":24,"minecraft:smooth_basalt":2,"minecraft:stone_bricks":4,"minecraft:oak_leaves":18},"minecraft:used":{"regions_unexplored:silt_dirt":1,"minecraft:stone_sword":25,"minecraft:oak_sign":1,"minecraft:torch":124,"minecraft:dirt":6,"minecraft:wooden_axe":25,"minecraft:golden_carrot":2,"spartanshields:copper_basic_shield":164,"minecraft:furnace":6,"minecraft:cooked_beef":1,"aquaculture:fish_fillet_cooked":4,"alexsdelight:cooked_bison":36,"minecraft:cooked_mutton":9,"minecraft:stone_pickaxe":447,"minecraft:oak_planks":13,"minecraft:wooden_pickaxe":118,"minecraft:crafting_table":10,"minecraft:red_bed":4,"minecraft:white_bed":1,"regions_unexplored:fireweed":2,"minecraft:apple":3,"spartanshields:stone_basic_shield":48,"minecraft:bread":28,"minecraft:stone_axe":571,"minecraft:cobblestone":88,"minecraft:cooked_porkchop":2,"alexsmobs:animal_dictionary":1,"minecraft:cobweb":16},"minecraft:killed_by":{"alexsmobs:bison":1,"farlanders:ender_golem":1,"minecraft:zombie":1},"minecraft:picked_up":{"minecraft:fishing_rod":1,"minecraft:crafting_table":8,"minecraft:chicken":1,"exoticbirds:pigeon_egg":1,"regions_unexplored:silt_dirt":1,"minecraft:stone_brick_stairs":1,"minecraft:string":31,"minecraft:red_bed":3,"minecraft:raw_copper":74,"minecraft:smooth_stone_slab":5,"farlanders:ender_horn":9,"minecraft:beef":8,"quark:orange_corundum_cluster":1,"minecraft:furnace":6,"farlanders:rebel_farlander_helmet":1,"minecraft:stick":6,"minecraft:raw_iron":57,"minecraft:polished_deepslate_slab":1,"minecraft:deepslate_brick_wall":1,"minecraft:torch":2,"minecraft:porkchop":13,"regions_unexplored:daisy":1,"minecraft:arrow":33,"minecraft:rotten_flesh":85,"minecraft:hay_block":12,"alexsdelight:raw_bison":39,"minecraft:skeleton_skull":1,"minecraft:mutton":9,"alexsmobs:flying_fish":2,"minecraft:white_wool":4,"minecraft:cobblestone":200,"minecraft:stripped_oak_log":1,"minecraft:feather":5,"minecraft:andesite":2,"minecraft:brown_wool":1,"minecraft:leather":8,"alexsmobs:bison_fur":15,"minecraft:oak_log":47,"minecraft:gunpowder":7,"minecraft:lapis_lazuli":83,"minecraft:dirt":61,"regions_unexplored:waratah":1,"regions_unexplored:aster":3,"minecraft:bone":32,"minecraft:apple":35,"minecraft:kelp":12,"minecraft:bow":1,"minecraft:wheat_seeds":3,"minecraft:cobbled_deepslate_slab":1,"minecraft:iron_sword":1,"minecraft:soul_sand":2,"minecraft:oak_planks":5,"aquaculture:gar":1,"minecraft:white_bed":2,"minecraft:grass_block":1,"minecraft:spider_eye":4,"minecraft:mossy_cobblestone":2,"minecraft:polished_andesite":1,"regions_unexplored:hyssop":7,"regions_unexplored:fireweed":5,"minecraft:stone_axe":2,"alexsmobs:maggot":2,"minecraft:oak_sapling":2,"minecraft:black_wool":2,"minecraft:coal":224,"minecraft:ender_pearl":1},"minecraft:dropped":{"spartanshields:copper_basic_shield":1,"minecraft:iron_sword":1,"regions_unexplored:fireweed":3,"minecraft:wheat_seeds":2,"minecraft:mossy_cobblestone":2,"minecraft:deepslate_brick_wall":1,"minecraft:crafting_table":1,"farlanders:rebel_farlander_helmet":1,"quark:orange_corundum_cluster":1,"minecraft:cobblestone":1,"minecraft:apple":6,"alexsmobs:bison_fur":3,"minecraft:leather_helmet":1,"minecraft:dirt":28,"alexsdelight:cooked_bison":3,"minecraft:wooden_axe":1,"minecraft:brown_wool":4,"minecraft:string":6,"minecraft:gold_ingot":8,"minecraft:stone_axe":2,"minecraft:kelp":12,"alexsmobs:maggot":2,"minecraft:cooked_chicken":1,"minecraft:smooth_stone_slab":5,"minecraft:rotten_flesh":15,"regions_unexplored:hyssop":6,"regions_unexplored:aster":3,"minecraft:white_bed":1,"minecraft:flint_and_steel":1,"exoticbirds:pigeon_egg":1,"minecraft:diamond_sword":1,"minecraft:filled_map":1,"minecraft:leather_chestplate":1,"minecraft:oak_sapling":1,"minecraft:spider_eye":3,"minecraft:bow":1,"minecraft:stone_brick_stairs":1,"minecraft:black_wool":2},"minecraft:crafted":{"minecraft:smooth_stone":3,"minecraft:oak_planks":96,"minecraft:oak_sign":3,"minecraft:cooked_chicken":1,"minecraft:furnace":3,"minecraft:blast_furnace":1,"minecraft:stone":3,"spartanshields:copper_basic_shield":2,"minecraft:cooked_mutton":9,"aquaculture:fish_fillet_raw":4,"alexsdelight:cooked_bison":39,"minecraft:stone_pickaxe":5,"aquaculture:fish_fillet_cooked":4,"alexsmobs:flying_fish_boots":1,"sophisticatedbackpacks:iron_backpack":1,"minecraft:wheat":108,"minecraft:smoker":1,"minecraft:cooked_beef":1,"minecraft:red_dye":1,"sophisticatedbackpacks:backpack":1,"minecraft:cooked_porkchop":5,"minecraft:crafting_table":3,"minecraft:wooden_pickaxe":3,"minecraft:iron_helmet":1,"minecraft:red_bed":1,"spartanshields:stone_basic_shield":1,"minecraft:copper_ingot":74,"sophisticatedbackpacks:gold_backpack":1,"minecraft:stone_axe":5,"minecraft:bread":35,"minecraft:air":0,"aquaculture:iron_fillet_knife":1,"minecraft:charcoal":5,"minecraft:stick":56,"quark:oak_chest":1,"minecraft:brown_wool":3,"minecraft:iron_ingot":57,"minecraft:wooden_axe":1,"minecraft:iron_leggings":1,"spartanshields:wooden_basic_shield":3,"minecraft:white_bed":1,"minecraft:torch":92},"minecraft:broken":{"minecraft:wooden_pickaxe":2,"minecraft:stone_pickaxe":3,"spartanshields:stone_basic_shield":1,"minecraft:stone_axe":7}},"DataVersion":3465}