{"stats":{"minecraft:custom":{"minecraft:interact_with_furnace":23,"minecraft:mob_kills":42,"minecraft:interact_with_crafting_table":8,"minecraft:time_since_death":34399,"minecraft:climb_one_cm":9736,"minecraft:time_since_rest":34575,"minecraft:sprint_one_cm":84934,"minecraft:damage_taken":656,"minecraft:walk_one_cm":63852,"minecraft:damage_blocked_by_shield":60,"minecraft:drop":3,"minecraft:damage_dealt":2468,"minecraft:swim_one_cm":147108,"minecraft:fly_one_cm":95205,"minecraft:crouch_one_cm":780,"minecraft:play_time":44576,"minecraft:deaths":1,"minecraft:sneak_time":929,"minecraft:walk_under_water_one_cm":71166,"minecraft:jump":505,"minecraft:walk_on_water_one_cm":21822,"minecraft:total_world_time":44576,"minecraft:fall_one_cm":13735},"minecraft:killed":{"alexsmobs:hummingbird":1,"alexsmobs:lobster":3,"aquaculture:red_grouper":2,"minecraft:cod":5,"minecraft:sheep":1,"minecraft:skeleton":1,"exoticbirds:pigeon":3,"exoticbirds:swan":1,"aquaculture:atlantic_herring":14,"alexsmobs:flying_fish":8,"exoticbirds:peafowl":3},"minecraft:crafted":{"minecraft:oak_planks":68,"minecraft:dried_kelp":38,"minecraft:wooden_pickaxe":1,"minecraft:furnace":3,"spartanshields:stone_basic_shield":1,"minecraft:stone_axe":1,"minecraft:stick":16,"minecraft:stone_pickaxe":1,"minecraft:wooden_axe":1,"exoticbirds:cooked_birdmeat":2,"spartanshields:wooden_basic_shield":1},"minecraft:picked_up":{"minecraft:crafting_table":1,"minecraft:feather":5,"exoticbirds:pigeon_egg":2,"minecraft:oak_log":17,"regions_unexplored:salmon_poppy_bush":1,"minecraft:dirt":12,"minecraft:kelp":101,"minecraft:wheat_seeds":1,"aquaculture:minnow":4,"minecraft:light_gray_wool":1,"minecraft:oak_planks":19,"aquaculture:atlantic_herring":13,"minecraft:furnace":3,"minecraft:dried_kelp":2,"aquaculture:red_grouper":2,"minecraft:arrow":1,"minecraft:rotten_flesh":1,"minecraft:oak_sapling":1,"alexsmobs:lobster_tail":1,"exoticbirds:raw_birdmeat":14,"minecraft:mutton":2,"minecraft:cod":3,"minecraft:coal":15,"alexsmobs:flying_fish":8,"minecraft:cobblestone":41,"minecraft:sunflower":1},"minecraft:dropped":{"aquaculture:minnow":2,"exoticbirds:pigeon_egg":1},"minecraft:used":{"aquaculture:atlantic_herring":2,"minecraft:stone_pickaxe":65,"minecraft:dried_kelp":40,"minecraft:wooden_pickaxe":10,"minecraft:rotten_flesh":1,"minecraft:dirt":11,"minecraft:mutton":2,"alexsmobs:lobster_tail":1,"spartanshields:stone_basic_shield":2,"minecraft:stone_axe":109,"exoticbirds:cooked_birdmeat":2,"minecraft:furnace":6},"minecraft:mined":{"minecraft:kelp_plant":19,"minecraft:crafting_table":1,"regions_unexplored:salmon_poppy_bush":1,"minecraft:grass_block":3,"minecraft:tall_grass":3,"minecraft:cobblestone":2,"minecraft:kelp":12,"minecraft:sandstone":5,"minecraft:tall_seagrass":2,"minecraft:furnace":3,"minecraft:grass":1,"minecraft:oak_log":17,"minecraft:coal_ore":15,"minecraft:sunflower":1,"minecraft:dirt":9,"minecraft:stone_bricks":1,"minecraft:stone":42,"minecraft:mossy_stone_bricks":1}},"DataVersion":3465}