{"stats":{"minecraft:custom":{"minecraft:time_since_rest":10575,"minecraft:interact_with_furnace":8,"minecraft:sprint_one_cm":32524,"minecraft:damage_taken":556,"minecraft:walk_one_cm":35754,"minecraft:damage_blocked_by_shield":60,"minecraft:mob_kills":11,"minecraft:drop":2,"minecraft:damage_dealt":828,"minecraft:swim_one_cm":47793,"minecraft:interact_with_crafting_table":8,"minecraft:fly_one_cm":28731,"minecraft:crouch_one_cm":164,"minecraft:play_time":20576,"minecraft:deaths":1,"minecraft:sneak_time":322,"minecraft:walk_under_water_one_cm":24931,"minecraft:jump":211,"minecraft:time_since_death":10399,"minecraft:walk_on_water_one_cm":6730,"minecraft:total_world_time":20576,"minecraft:fall_one_cm":6811},"minecraft:crafted":{"minecraft:oak_planks":68,"minecraft:stick":16,"minecraft:wooden_pickaxe":1,"minecraft:stone_pickaxe":1,"minecraft:wooden_axe":1,"minecraft:furnace":3,"exoticbirds:cooked_birdmeat":2,"spartanshields:wooden_basic_shield":1,"spartanshields:stone_basic_shield":1,"minecraft:stone_axe":1},"minecraft:killed":{"minecraft:sheep":1,"minecraft:skeleton":1,"alexsmobs:lobster":3,"exoticbirds:pigeon":2,"aquaculture:atlantic_herring":3,"minecraft:cod":1},"minecraft:picked_up":{"minecraft:feather":1,"minecraft:oak_log":17,"minecraft:dirt":11,"minecraft:arrow":1,"minecraft:rotten_flesh":1,"minecraft:kelp":69,"minecraft:wheat_seeds":1,"aquaculture:minnow":2,"minecraft:light_gray_wool":1,"minecraft:mutton":2,"aquaculture:atlantic_herring":2,"minecraft:cod":1,"exoticbirds:raw_birdmeat":2,"alexsmobs:lobster_tail":1,"minecraft:cobblestone":37},"minecraft:dropped":{"aquaculture:minnow":2},"minecraft:used":{"alexsmobs:lobster_tail":1,"aquaculture:atlantic_herring":2,"spartanshields:stone_basic_shield":2,"minecraft:stone_pickaxe":35,"minecraft:wooden_pickaxe":10,"minecraft:rotten_flesh":1,"minecraft:stone_axe":66,"exoticbirds:cooked_birdmeat":2,"minecraft:dirt":10,"minecraft:mutton":2,"minecraft:furnace":3},"minecraft:mined":{"minecraft:tall_seagrass":1,"minecraft:kelp_plant":19,"minecraft:grass":1,"minecraft:grass_block":2,"minecraft:oak_log":17,"minecraft:dirt":9,"minecraft:tall_grass":3,"minecraft:cobblestone":1,"minecraft:stone":38,"minecraft:kelp":12}},"DataVersion":3465}