{"stats":{"minecraft:custom":{"minecraft:interact_with_furnace":58,"minecraft:mob_kills":48,"minecraft:inspect_hopper":1,"minecraft:interact_with_crafting_table":25,"minecraft:leave_game":2,"minecraft:time_since_death":26233,"minecraft:sleep_in_bed":3,"minecraft:climb_one_cm":9736,"minecraft:time_since_rest":6023,"minecraft:sprint_one_cm":179380,"minecraft:damage_taken":2014,"minecraft:walk_one_cm":176133,"minecraft:damage_blocked_by_shield":60,"minecraft:drop":13,"minecraft:damage_dealt":3528,"minecraft:play_time":102191,"minecraft:swim_one_cm":174248,"minecraft:talked_to_villager":1,"minecraft:player_kills":1,"minecraft:fly_one_cm":215528,"minecraft:crouch_one_cm":2249,"minecraft:open_chest":53,"minecraft:sneak_time":2020,"minecraft:deaths":4,"minecraft:walk_under_water_one_cm":73462,"minecraft:jump":1095,"minecraft:walk_on_water_one_cm":24518,"minecraft:total_world_time":102191,"minecraft:fall_one_cm":39360},"minecraft:used":{"minecraft:stone_sword":6,"aquaculture:atlantic_herring":2,"minecraft:stone_pickaxe":86,"minecraft:dried_kelp":40,"minecraft:wooden_pickaxe":10,"minecraft:rotten_flesh":1,"minecraft:torch":2,"minecraft:dirt":11,"minecraft:mutton":2,"minecraft:crafting_table":4,"minecraft:oak_log":2,"alexsmobs:flying_fish":1,"minecraft:wooden_axe":2,"alexsmobs:lobster_tail":1,"spartanshields:stone_basic_shield":2,"minecraft:item_frame":5,"exoticbirds:oak_birdcage":1,"exoticbirds:cooked_birdmeat":2,"minecraft:stone_axe":178,"minecraft:cobblestone":1,"minecraft:furnace":10,"minecraft:cooked_porkchop":1,"quark:oak_chest":8,"minecraft:brown_bed":1,"alexsdelight:cooked_bison":1},"minecraft:picked_up":{"minecraft:crafting_table":5,"minecraft:feather":6,"minecraft:chicken":1,"exoticbirds:pigeon_egg":2,"minecraft:brown_wool":3,"minecraft:leather":3,"alexsmobs:bison_fur":3,"minecraft:oak_log":37,"regions_unexplored:salmon_poppy_bush":1,"minecraft:dirt":21,"minecraft:string":5,"minecraft:lantern":1,"alexsdelight:cooked_bison":1,"minecraft:stone_bricks":1,"minecraft:kelp":104,"minecraft:wheat_seeds":1,"minecraft:cobbled_deepslate_slab":1,"minecraft:mossy_stone_bricks":1,"aquaculture:minnow":4,"minecraft:light_gray_wool":1,"minecraft:oak_planks":19,"minecraft:stick":5,"aquaculture:atlantic_herring":13,"minecraft:furnace":7,"minecraft:polished_deepslate_slab":1,"minecraft:cooked_porkchop":2,"minecraft:porkchop":2,"minecraft:dried_kelp":2,"aquaculture:red_grouper":2,"spartanshields:stone_basic_shield":1,"minecraft:spruce_log":4,"minecraft:arrow":1,"minecraft:rotten_flesh":1,"regions_unexplored:maple_sapling":1,"minecraft:deepslate_bricks":1,"regions_unexplored:maple_log":10,"minecraft:oak_sapling":2,"minecraft:mutton":2,"minecraft:cod":3,"alexsmobs:lobster_tail":1,"minecraft:coal":33,"exoticbirds:raw_birdmeat":14,"alexsmobs:flying_fish":8,"minecraft:cobblestone":53,"minecraft:sunflower":1},"minecraft:mined":{"regions_unexplored:maple_log":10,"minecraft:kelp_plant":19,"minecraft:crafting_table":5,"minecraft:cobbled_deepslate_slab":1,"regions_unexplored:salmon_poppy_bush":1,"minecraft:grass_block":9,"minecraft:deepslate_bricks":1,"regions_unexplored:maple_leaves":2,"minecraft:soul_soil":1,"minecraft:tall_grass":5,"minecraft:cobblestone":2,"minecraft:deepslate_coal_ore":1,"minecraft:spruce_leaves":2,"minecraft:kelp":12,"minecraft:sandstone":5,"minecraft:tall_seagrass":2,"minecraft:furnace":7,"minecraft:iron_ore":1,"minecraft:spruce_log":4,"minecraft:grass":1,"minecraft:coal_ore":15,"minecraft:oak_log":37,"minecraft:polished_deepslate_slab":1,"minecraft:dirt_path":3,"minecraft:sunflower":1,"minecraft:dirt":15,"minecraft:cobweb":6,"regions_unexplored:medium_grass":2,"minecraft:stone_bricks":1,"minecraft:stone":53,"minecraft:oak_leaves":5,"minecraft:mossy_stone_bricks":1},"minecraft:crafted":{"minecraft:cooked_cod":3,"minecraft:item_frame":5,"minecraft:oak_planks":140,"sophisticatedbackpacks:backpack":1,"minecraft:spruce_planks":16,"regions_unexplored:maple_planks":40,"minecraft:dried_kelp":38,"minecraft:wooden_pickaxe":1,"minecraft:furnace":3,"minecraft:brown_bed":1,"spartanshields:stone_basic_shield":1,"minecraft:stone_axe":3,"aquaculture:fish_fillet_raw":17,"minecraft:stick":80,"quark:oak_chest":9,"minecraft:iron_ingot":66,"minecraft:wooden_axe":1,"minecraft:stone_pickaxe":2,"aquaculture:stone_fillet_knife":1,"minecraft:stone_sword":1,"exoticbirds:cooked_birdmeat":20,"aquaculture:fish_fillet_cooked":17,"spartanshields:wooden_basic_shield":1,"minecraft:torch":24},"minecraft:killed":{"alexsmobs:hummingbird":2,"alexsmobs:lobster":3,"minecraft:pig":1,"aquaculture:red_grouper":2,"minecraft:cod":5,"minecraft:skeleton":1,"minecraft:sheep":1,"minecraft:horse":3,"exoticbirds:pigeon":3,"exoticbirds:swan":1,"minecraft:chicken":1,"aquaculture:atlantic_herring":14,"alexsmobs:flying_fish":8,"exoticbirds:peafowl":3},"minecraft:killed_by":{"minecraft:player":1,"minecraft:witch":1},"minecraft:broken":{"minecraft:stone_axe":2},"minecraft:dropped":{"minecraft:wheat_seeds":1,"minecraft:light_gray_wool":1,"aquaculture:minnow":4,"exoticbirds:pigeon_egg":1,"minecraft:dirt":1,"minecraft:torch":1,"minecraft:mossy_stone_bricks":1,"minecraft:oak_sapling":1,"minecraft:stone_bricks":1,"minecraft:sunflower":1,"minecraft:arrow":1}},"DataVersion":3465}