{"stats":{"minecraft:custom":{"minecraft:time_since_rest":22575,"minecraft:interact_with_furnace":22,"minecraft:sprint_one_cm":63823,"minecraft:damage_taken":616,"minecraft:walk_one_cm":51340,"minecraft:damage_blocked_by_shield":60,"minecraft:mob_kills":22,"minecraft:drop":2,"minecraft:damage_dealt":1428,"minecraft:swim_one_cm":102229,"minecraft:interact_with_crafting_table":8,"minecraft:fly_one_cm":62355,"minecraft:crouch_one_cm":164,"minecraft:play_time":32576,"minecraft:deaths":1,"minecraft:sneak_time":456,"minecraft:walk_under_water_one_cm":50904,"minecraft:jump":361,"minecraft:time_since_death":22399,"minecraft:walk_on_water_one_cm":15859,"minecraft:total_world_time":32576,"minecraft:fall_one_cm":10155},"minecraft:crafted":{"minecraft:oak_planks":68,"minecraft:stick":16,"minecraft:dried_kelp":38,"minecraft:wooden_pickaxe":1,"minecraft:stone_pickaxe":1,"minecraft:wooden_axe":1,"minecraft:furnace":3,"exoticbirds:cooked_birdmeat":2,"spartanshields:wooden_basic_shield":1,"spartanshields:stone_basic_shield":1,"minecraft:stone_axe":1},"minecraft:killed":{"minecraft:sheep":1,"minecraft:skeleton":1,"alexsmobs:lobster":3,"exoticbirds:pigeon":2,"exoticbirds:swan":1,"aquaculture:atlantic_herring":7,"minecraft:cod":3,"alexsmobs:flying_fish":4},"minecraft:picked_up":{"minecraft:crafting_table":1,"minecraft:feather":1,"exoticbirds:pigeon_egg":1,"minecraft:dried_kelp":2,"minecraft:oak_log":17,"regions_unexplored:salmon_poppy_bush":1,"minecraft:dirt":11,"minecraft:arrow":1,"minecraft:rotten_flesh":1,"minecraft:kelp":101,"minecraft:wheat_seeds":1,"aquaculture:minnow":4,"minecraft:light_gray_wool":1,"alexsmobs:flying_fish":4,"minecraft:oak_planks":19,"minecraft:coal":15,"minecraft:mutton":2,"aquaculture:atlantic_herring":6,"minecraft:cod":1,"exoticbirds:raw_birdmeat":4,"alexsmobs:lobster_tail":1,"minecraft:cobblestone":40,"minecraft:furnace":3},"minecraft:dropped":{"aquaculture:minnow":2},"minecraft:used":{"alexsmobs:lobster_tail":1,"aquaculture:atlantic_herring":2,"spartanshields:stone_basic_shield":2,"minecraft:stone_pickaxe":61,"minecraft:dried_kelp":23,"minecraft:wooden_pickaxe":10,"minecraft:rotten_flesh":1,"minecraft:stone_axe":81,"exoticbirds:cooked_birdmeat":2,"minecraft:dirt":10,"minecraft:mutton":2,"minecraft:furnace":3},"minecraft:mined":{"minecraft:tall_seagrass":1,"minecraft:furnace":3,"minecraft:kelp_plant":19,"regions_unexplored:salmon_poppy_bush":1,"minecraft:crafting_table":1,"minecraft:coal_ore":15,"minecraft:grass":1,"minecraft:grass_block":2,"minecraft:oak_log":17,"minecraft:dirt":9,"minecraft:tall_grass":3,"minecraft:cobblestone":1,"minecraft:stone":41,"minecraft:kelp":12,"minecraft:sandstone":5}},"DataVersion":3465}