{"stats":{"minecraft:custom":{"minecraft:mob_kills":48,"minecraft:inspect_hopper":1,"minecraft:interact_with_crafting_table":26,"minecraft:leave_game":2,"minecraft:time_since_death":44233,"minecraft:climb_one_cm":9736,"minecraft:sprint_one_cm":212310,"minecraft:walk_one_cm":218942,"minecraft:damage_blocked_by_shield":60,"minecraft:drop":14,"minecraft:talked_to_villager":1,"minecraft:play_time":120191,"minecraft:deaths":4,"minecraft:sneak_time":2342,"minecraft:walk_under_water_one_cm":74922,"minecraft:jump":1288,"minecraft:walk_on_water_one_cm":26976,"minecraft:total_world_time":120191,"minecraft:interact_with_furnace":77,"minecraft:sleep_in_bed":4,"minecraft:time_since_rest":9631,"minecraft:damage_taken":2014,"minecraft:damage_dealt":3528,"minecraft:swim_one_cm":175133,"minecraft:fly_one_cm":249040,"minecraft:player_kills":1,"minecraft:open_chest":62,"minecraft:crouch_one_cm":2804,"minecraft:fall_one_cm":40672},"minecraft:used":{"minecraft:stone_sword":6,"minecraft:dried_kelp":40,"minecraft:rotten_flesh":1,"minecraft:torch":5,"minecraft:dirt":11,"minecraft:mutton":2,"minecraft:granite":1,"minecraft:wooden_axe":2,"alexsmobs:lobster_tail":1,"minecraft:item_frame":5,"minecraft:furnace":10,"minecraft:potato":5,"alexsdelight:cooked_bison":1,"minecraft:brown_bed":1,"aquaculture:atlantic_herring":2,"minecraft:stone_pickaxe":159,"minecraft:wooden_pickaxe":10,"minecraft:crafting_table":4,"minecraft:oak_log":6,"alexsmobs:flying_fish":4,"spartanshields:stone_basic_shield":2,"minecraft:stone_axe":299,"exoticbirds:oak_birdcage":1,"exoticbirds:cooked_birdmeat":2,"minecraft:cobblestone":11,"minecraft:cooked_porkchop":1,"minecraft:andesite":5,"quark:oak_chest":8},"minecraft:picked_up":{"minecraft:charcoal":2,"minecraft:crafting_table":5,"minecraft:chicken":1,"exoticbirds:pigeon_egg":2,"minecraft:string":5,"alexsdelight:cooked_bison":1,"minecraft:cobbled_deepslate":12,"minecraft:spruce_slab":13,"minecraft:light_gray_wool":1,"minecraft:furnace":7,"minecraft:polished_deepslate_slab":1,"minecraft:stick":15,"minecraft:spruce_fence":2,"minecraft:porkchop":2,"minecraft:dried_kelp":2,"spartanshields:stone_basic_shield":1,"minecraft:rotten_flesh":1,"minecraft:arrow":1,"regions_unexplored:maple_sapling":1,"minecraft:deepslate_bricks":1,"minecraft:cobblestone":89,"minecraft:mutton":2,"alexsmobs:flying_fish":8,"exoticbirds:raw_birdmeat":14,"minecraft:cod":3,"alexsmobs:lobster_tail":1,"minecraft:feather":6,"minecraft:andesite":5,"minecraft:leather":3,"minecraft:brown_wool":3,"minecraft:potato":109,"alexsmobs:bison_fur":3,"minecraft:oak_log":94,"regions_unexplored:salmon_poppy_bush":1,"minecraft:dirt":21,"minecraft:lantern":1,"minecraft:stone_bricks":1,"minecraft:kelp":104,"minecraft:wheat_seeds":1,"minecraft:cobbled_deepslate_slab":1,"aquaculture:minnow":4,"minecraft:mossy_stone_bricks":1,"minecraft:oak_planks":19,"aquaculture:atlantic_herring":13,"minecraft:cooked_porkchop":2,"aquaculture:red_grouper":2,"minecraft:spruce_log":29,"minecraft:granite":1,"regions_unexplored:maple_log":10,"minecraft:oak_sapling":3,"minecraft:coal":46,"minecraft:hopper":1,"minecraft:sunflower":1},"minecraft:mined":{"regions_unexplored:maple_log":10,"minecraft:granite":4,"minecraft:cobbled_deepslate_slab":1,"minecraft:grass_block":9,"minecraft:spruce_fence":2,"minecraft:soul_soil":1,"minecraft:deepslate_bricks":1,"regions_unexplored:maple_leaves":2,"minecraft:spruce_leaves":2,"minecraft:hopper":1,"minecraft:kelp":12,"minecraft:sandstone":5,"minecraft:tall_seagrass":2,"minecraft:furnace":7,"minecraft:iron_ore":1,"minecraft:andesite":5,"minecraft:dirt_path":3,"minecraft:potatoes":4,"minecraft:polished_deepslate_slab":1,"regions_unexplored:medium_grass":2,"minecraft:stone":91,"minecraft:spruce_slab":14,"minecraft:kelp_plant":19,"minecraft:crafting_table":5,"regions_unexplored:salmon_poppy_bush":1,"minecraft:campfire":1,"minecraft:tall_grass":6,"minecraft:cobblestone":2,"minecraft:deepslate_coal_ore":1,"minecraft:spruce_log":29,"minecraft:grass":2,"minecraft:oak_log":94,"minecraft:coal_ore":28,"minecraft:sunflower":1,"minecraft:dirt":15,"minecraft:cobweb":6,"minecraft:stone_bricks":1,"minecraft:mossy_stone_bricks":1,"minecraft:oak_leaves":24,"minecraft:deepslate":12},"minecraft:crafted":{"minecraft:oak_planks":140,"regions_unexplored:maple_planks":40,"minecraft:furnace":3,"aquaculture:fish_fillet_raw":17,"minecraft:stone_pickaxe":2,"aquaculture:fish_fillet_cooked":17,"minecraft:cooked_cod":3,"minecraft:item_frame":5,"sophisticatedbackpacks:backpack":1,"minecraft:spruce_planks":116,"minecraft:dried_kelp":38,"minecraft:wooden_pickaxe":1,"minecraft:baked_potato":92,"spartanshields:stone_basic_shield":1,"minecraft:brown_bed":1,"minecraft:stone_axe":3,"minecraft:air":0,"minecraft:stick":80,"quark:oak_chest":9,"minecraft:iron_ingot":66,"aquaculture:stone_fillet_knife":1,"minecraft:wooden_axe":1,"minecraft:stone_sword":1,"exoticbirds:cooked_birdmeat":20,"spartanshields:wooden_basic_shield":1,"minecraft:torch":24},"minecraft:killed":{"alexsmobs:hummingbird":2,"alexsmobs:lobster":3,"aquaculture:red_grouper":2,"minecraft:cod":5,"minecraft:horse":3,"minecraft:skeleton":1,"minecraft:chicken":1,"aquaculture:atlantic_herring":14,"alexsmobs:flying_fish":8,"minecraft:pig":1,"minecraft:sheep":1,"exoticbirds:pigeon":3,"exoticbirds:swan":1,"exoticbirds:peafowl":3},"minecraft:killed_by":{"minecraft:player":1,"minecraft:witch":1},"minecraft:broken":{"minecraft:stone_pickaxe":1,"minecraft:stone_axe":2},"minecraft:dropped":{"minecraft:wheat_seeds":1,"aquaculture:minnow":4,"minecraft:dirt":1,"minecraft:torch":2,"minecraft:sunflower":1,"minecraft:light_gray_wool":1,"exoticbirds:pigeon_egg":1,"minecraft:mossy_stone_bricks":1,"minecraft:oak_sapling":1,"minecraft:stone_bricks":1,"minecraft:arrow":1}},"DataVersion":3465}