{"stats":{"minecraft:custom":{"minecraft:interact_with_furnace":37,"minecraft:mob_kills":47,"minecraft:interact_with_crafting_table":16,"minecraft:leave_game":1,"minecraft:time_since_death":14903,"minecraft:climb_one_cm":9736,"minecraft:time_since_rest":15252,"minecraft:sprint_one_cm":136934,"minecraft:damage_taken":1046,"minecraft:walk_one_cm":121805,"minecraft:damage_blocked_by_shield":60,"minecraft:drop":13,"minecraft:damage_dealt":3410,"minecraft:talked_to_villager":1,"minecraft:swim_one_cm":174248,"minecraft:open_chest":6,"minecraft:fly_one_cm":169842,"minecraft:play_time":68428,"minecraft:crouch_one_cm":950,"minecraft:sneak_time":1118,"minecraft:deaths":2,"minecraft:walk_under_water_one_cm":72676,"minecraft:jump":890,"minecraft:walk_on_water_one_cm":24303,"minecraft:total_world_time":68428,"minecraft:fall_one_cm":26039},"minecraft:killed":{"alexsmobs:hummingbird":2,"alexsmobs:lobster":3,"minecraft:pig":1,"aquaculture:red_grouper":2,"minecraft:cod":5,"minecraft:horse":3,"minecraft:sheep":1,"minecraft:skeleton":1,"exoticbirds:pigeon":3,"exoticbirds:swan":1,"aquaculture:atlantic_herring":14,"alexsmobs:flying_fish":8,"exoticbirds:peafowl":3},"minecraft:crafted":{"minecraft:cooked_cod":3,"minecraft:oak_planks":68,"minecraft:dried_kelp":38,"minecraft:wooden_pickaxe":1,"minecraft:furnace":3,"minecraft:brown_bed":1,"spartanshields:stone_basic_shield":1,"minecraft:stone_axe":2,"aquaculture:fish_fillet_raw":17,"minecraft:stick":32,"minecraft:stone_sword":1,"minecraft:wooden_axe":1,"minecraft:stone_pickaxe":1,"aquaculture:stone_fillet_knife":1,"exoticbirds:cooked_birdmeat":14,"aquaculture:fish_fillet_cooked":17,"spartanshields:wooden_basic_shield":1,"minecraft:torch":24},"minecraft:broken":{"minecraft:stone_axe":1},"minecraft:picked_up":{"minecraft:crafting_table":3,"minecraft:feather":5,"exoticbirds:pigeon_egg":2,"minecraft:leather":3,"minecraft:brown_wool":3,"alexsmobs:bison_fur":3,"minecraft:oak_log":17,"regions_unexplored:salmon_poppy_bush":1,"minecraft:dirt":21,"alexsdelight:cooked_bison":1,"minecraft:stone_bricks":1,"minecraft:kelp":104,"minecraft:wheat_seeds":1,"minecraft:cobbled_deepslate_slab":1,"minecraft:mossy_stone_bricks":1,"aquaculture:minnow":4,"minecraft:light_gray_wool":1,"minecraft:oak_planks":19,"aquaculture:atlantic_herring":13,"minecraft:furnace":6,"minecraft:polished_deepslate_slab":1,"minecraft:cooked_porkchop":2,"minecraft:porkchop":2,"minecraft:dried_kelp":2,"aquaculture:red_grouper":2,"minecraft:arrow":1,"minecraft:rotten_flesh":1,"minecraft:oak_sapling":1,"minecraft:mutton":2,"minecraft:cod":3,"alexsmobs:lobster_tail":1,"minecraft:coal":25,"exoticbirds:raw_birdmeat":14,"alexsmobs:flying_fish":8,"minecraft:cobblestone":53,"minecraft:sunflower":1},"minecraft:dropped":{"minecraft:wheat_seeds":1,"minecraft:light_gray_wool":1,"aquaculture:minnow":4,"exoticbirds:pigeon_egg":1,"minecraft:dirt":1,"minecraft:torch":1,"minecraft:mossy_stone_bricks":1,"minecraft:oak_sapling":1,"minecraft:stone_bricks":1,"minecraft:sunflower":1,"minecraft:arrow":1},"minecraft:killed_by":{"minecraft:witch":1},"minecraft:used":{"aquaculture:atlantic_herring":2,"minecraft:stone_pickaxe":82,"minecraft:dried_kelp":40,"minecraft:wooden_pickaxe":10,"minecraft:rotten_flesh":1,"minecraft:torch":2,"minecraft:dirt":11,"minecraft:mutton":2,"minecraft:crafting_table":3,"alexsmobs:flying_fish":1,"minecraft:wooden_axe":2,"alexsmobs:lobster_tail":1,"spartanshields:stone_basic_shield":2,"exoticbirds:cooked_birdmeat":2,"minecraft:stone_axe":123,"minecraft:furnace":6,"minecraft:cooked_porkchop":1,"alexsdelight:cooked_bison":1},"minecraft:mined":{"minecraft:kelp_plant":19,"minecraft:crafting_table":3,"minecraft:cobbled_deepslate_slab":1,"regions_unexplored:salmon_poppy_bush":1,"minecraft:grass_block":9,"minecraft:soul_soil":1,"minecraft:tall_grass":4,"minecraft:cobblestone":2,"minecraft:kelp":12,"minecraft:sandstone":5,"minecraft:tall_seagrass":2,"minecraft:furnace":6,"minecraft:polished_deepslate_slab":1,"minecraft:dirt_path":1,"minecraft:grass":1,"minecraft:oak_log":17,"minecraft:coal_ore":15,"minecraft:sunflower":1,"minecraft:dirt":12,"minecraft:stone":53,"minecraft:stone_bricks":1,"minecraft:mossy_stone_bricks":1}},"DataVersion":3465}