{"stats":{"minecraft:custom":{"minecraft:time_since_rest":8576,"minecraft:crouch_one_cm":12,"minecraft:play_time":8576,"minecraft:sprint_one_cm":18555,"minecraft:damage_taken":186,"minecraft:walk_one_cm":19130,"minecraft:damage_blocked_by_shield":60,"minecraft:sneak_time":79,"minecraft:walk_under_water_one_cm":1546,"minecraft:mob_kills":2,"minecraft:jump":88,"minecraft:damage_dealt":459,"minecraft:walk_on_water_one_cm":229,"minecraft:time_since_death":8576,"minecraft:total_world_time":8576,"minecraft:swim_one_cm":3765,"minecraft:interact_with_crafting_table":5,"minecraft:fall_one_cm":1169,"minecraft:fly_one_cm":11950},"minecraft:crafted":{"spartanshields:wooden_basic_shield":1,"minecraft:oak_planks":20,"spartanshields:stone_basic_shield":1,"minecraft:stone_axe":1,"minecraft:stick":16,"minecraft:wooden_pickaxe":1,"minecraft:stone_pickaxe":1,"minecraft:wooden_axe":1},"minecraft:killed":{"minecraft:sheep":1,"minecraft:skeleton":1},"minecraft:picked_up":{"minecraft:rotten_flesh":1,"minecraft:arrow":1,"minecraft:oak_log":5,"minecraft:light_gray_wool":1,"minecraft:mutton":2,"minecraft:dirt":1,"minecraft:cobblestone":16},"minecraft:used":{"minecraft:rotten_flesh":1,"minecraft:stone_axe":9,"minecraft:mutton":2,"spartanshields:stone_basic_shield":2,"minecraft:stone_pickaxe":7,"minecraft:wooden_pickaxe":10},"minecraft:mined":{"minecraft:oak_log":5,"minecraft:dirt":1,"minecraft:stone":16}},"DataVersion":3465}