{"stats":{"minecraft:custom":{"minecraft:interact_with_furnace":11,"minecraft:mob_kills":24,"minecraft:interact_with_crafting_table":14,"minecraft:leave_game":1,"minecraft:time_since_death":88837,"minecraft:sleep_in_bed":1,"minecraft:climb_one_cm":1397,"minecraft:time_since_rest":78503,"minecraft:waystone_activated":1,"minecraft:sprint_one_cm":190211,"minecraft:damage_taken":880,"minecraft:walk_one_cm":226503,"minecraft:damage_blocked_by_shield":155,"minecraft:drop":3,"minecraft:damage_dealt":2204,"minecraft:talked_to_villager":1,"minecraft:swim_one_cm":89097,"minecraft:fly_one_cm":219000,"minecraft:open_chest":41,"minecraft:crouch_one_cm":2782,"minecraft:play_time":88837,"minecraft:sneak_time":827,"minecraft:walk_under_water_one_cm":22454,"minecraft:jump":1025,"minecraft:walk_on_water_one_cm":19614,"minecraft:total_world_time":88837,"minecraft:fall_one_cm":24011},"minecraft:killed":{"alexsmobs:lobster":1,"minecraft:pig":9,"minecraft:spider":3,"minecraft:cod":1,"minecraft:skeleton":1,"minecraft:sheep":6,"alexsmobs:flying_fish":2,"aquaculture:carp":1},"minecraft:crafted":{"minecraft:oak_planks":88,"minecraft:oak_sign":6,"minecraft:cooked_porkchop":4,"minecraft:crafting_table":3,"minecraft:spruce_planks":32,"minecraft:wooden_pickaxe":1,"minecraft:copper_ingot":14,"minecraft:stone_axe":2,"spartanshields:copper_basic_shield":1,"minecraft:cooked_mutton":3,"minecraft:air":0,"minecraft:stick":20,"quark:oak_chest":6,"minecraft:spruce_boat":1,"minecraft:stone_pickaxe":2,"minecraft:wooden_axe":1,"minecraft:stone_sword":1,"spartanshields:wooden_basic_shield":1},"minecraft:picked_up":{"minecraft:crafting_table":3,"minecraft:allium":8,"farmersdelight:rice":7,"minecraft:flower_pot":11,"regions_unexplored:magnolia_log":34,"minecraft:potato":8,"minecraft:oak_stairs":2,"minecraft:oak_log":22,"regions_unexplored:magnolia_shrub":1,"exoticbirds:bluejay_egg":1,"minecraft:string":3,"minecraft:oak_trapdoor":2,"minecraft:dirt":8,"minecraft:red_bed":1,"minecraft:raw_copper":14,"alexsdelight:cooked_bison":1,"minecraft:bone":1,"minecraft:wheat_seeds":33,"minecraft:stone_pickaxe":3,"minecraft:chest":2,"regions_unexplored:day_lily":2,"minecraft:book":24,"minecraft:stick":7,"minecraft:raw_iron":4,"minecraft:oak_fence":1,"minecraft:gravel":1,"minecraft:porkchop":19,"minecraft:sand":14,"minecraft:carrot":19,"exoticbirds:mystery_egg":6,"minecraft:white_bed":1,"minecraft:spruce_log":4,"minecraft:spider_eye":2,"regions_unexplored:daisy":6,"regions_unexplored:pink_magnolia_sapling":4,"regions_unexplored:purple_coneflower":13,"regions_unexplored:hyssop":18,"minecraft:arrow":2,"regions_unexplored:fireweed":6,"minecraft:beetroot_seeds":4,"minecraft:stone_axe":4,"farmersdelight:onion":6,"regions_unexplored:mauve_log":6,"minecraft:bone_meal":1,"aquaculture:carp":1,"alexsmobs:lobster_tail":1,"alexsmobs:flying_fish":3,"minecraft:cod":1,"minecraft:mutton":10,"minecraft:white_wool":6,"minecraft:coal":27,"minecraft:cobblestone":20},"minecraft:dropped":{"minecraft:flower_pot":1,"minecraft:string":2},"minecraft:used":{"minecraft:oak_trapdoor":2,"minecraft:oak_fence":1,"minecraft:cooked_mutton":3,"minecraft:stone_sword":2,"minecraft:stone_pickaxe":88,"minecraft:oak_sign":3,"minecraft:chest":1,"minecraft:wooden_pickaxe":18,"minecraft:dirt":4,"minecraft:sand":7,"minecraft:mutton":3,"minecraft:crafting_table":5,"minecraft:red_bed":1,"minecraft:spruce_boat":1,"minecraft:wooden_axe":12,"minecraft:flower_pot":8,"minecraft:bread":8,"minecraft:stone_axe":285,"minecraft:cobblestone":4,"spartanshields:copper_basic_shield":5,"minecraft:cooked_porkchop":4,"quark:oak_chest":4,"alexsdelight:cooked_bison":1},"minecraft:mined":{"minecraft:white_bed":1,"minecraft:red_bed":1,"regions_unexplored:white_magnolia_leaves":1,"exoticbirds:nest":2,"regions_unexplored:magnolia_log":35,"regions_unexplored:pink_magnolia_shrub":1,"minecraft:oak_fence":1,"minecraft:crafting_table":3,"minecraft:grass_block":4,"regions_unexplored:pink_magnolia_leaves":2,"minecraft:chest":2,"minecraft:tall_grass":9,"minecraft:copper_ore":1,"regions_unexplored:magnolia_leaves":3,"regions_unexplored:mauve_log":6,"regions_unexplored:purple_coneflower":4,"regions_unexplored:daisy":6,"minecraft:sandstone":33,"minecraft:deepslate_copper_ore":3,"farmersdelight:wild_onions":7,"regions_unexplored:hyssop":25,"minecraft:oak_trapdoor":3,"minecraft:carrots":19,"regions_unexplored:sandy_tall_grass":1,"minecraft:iron_ore":4,"minecraft:wheat":23,"minecraft:sand":18,"regions_unexplored:mauve_leaves":1,"minecraft:potatoes":8,"regions_unexplored:sandy_grass":5,"minecraft:grass":34,"regions_unexplored:magnolia_shrub":1,"minecraft:bookshelf":8,"minecraft:oak_log":22,"minecraft:coal_ore":27,"minecraft:beetroots":4,"minecraft:oak_stairs":2,"minecraft:flower_pot":10,"minecraft:gravel":1,"minecraft:dirt":4,"regions_unexplored:medium_grass":22,"minecraft:stone":28,"regions_unexplored:day_lily":2,"regions_unexplored:fireweed":7,"minecraft:fern":3}},"DataVersion":3465}