{"stats":{"minecraft:custom":{"minecraft:interact_with_furnace":8,"minecraft:mob_kills":8,"minecraft:interact_with_crafting_table":13,"minecraft:time_since_death":60152,"minecraft:sleep_in_bed":1,"minecraft:time_since_rest":49818,"minecraft:waystone_activated":1,"minecraft:sprint_one_cm":96193,"minecraft:damage_taken":700,"minecraft:walk_one_cm":159655,"minecraft:damage_blocked_by_shield":155,"minecraft:drop":3,"minecraft:damage_dealt":953,"minecraft:swim_one_cm":26427,"minecraft:fly_one_cm":106186,"minecraft:open_chest":33,"minecraft:crouch_one_cm":2677,"minecraft:play_time":60152,"minecraft:sneak_time":809,"minecraft:walk_under_water_one_cm":6194,"minecraft:jump":538,"minecraft:walk_on_water_one_cm":5014,"minecraft:total_world_time":60152,"minecraft:fall_one_cm":12049},"minecraft:killed":{"minecraft:pig":2,"minecraft:spider":3,"minecraft:skeleton":1,"minecraft:sheep":2},"minecraft:crafted":{"minecraft:oak_planks":88,"minecraft:oak_sign":6,"minecraft:cooked_porkchop":4,"minecraft:crafting_table":2,"minecraft:wooden_pickaxe":1,"minecraft:copper_ingot":14,"minecraft:stone_axe":2,"spartanshields:copper_basic_shield":1,"minecraft:air":0,"minecraft:stick":20,"quark:oak_chest":6,"minecraft:stone_pickaxe":2,"minecraft:wooden_axe":1,"minecraft:stone_sword":1,"spartanshields:wooden_basic_shield":1},"minecraft:picked_up":{"minecraft:crafting_table":2,"minecraft:allium":8,"farmersdelight:rice":7,"minecraft:flower_pot":11,"regions_unexplored:magnolia_log":34,"minecraft:oak_stairs":2,"minecraft:oak_log":22,"exoticbirds:bluejay_egg":1,"minecraft:string":3,"minecraft:oak_trapdoor":2,"minecraft:dirt":8,"minecraft:red_bed":1,"minecraft:raw_copper":14,"alexsdelight:cooked_bison":1,"minecraft:bone":1,"minecraft:wheat_seeds":3,"minecraft:chest":2,"regions_unexplored:day_lily":2,"minecraft:book":24,"minecraft:stick":7,"minecraft:raw_iron":3,"minecraft:oak_fence":1,"minecraft:gravel":1,"minecraft:porkchop":4,"exoticbirds:mystery_egg":6,"minecraft:white_bed":1,"minecraft:spruce_log":4,"minecraft:spider_eye":2,"regions_unexplored:daisy":3,"regions_unexplored:pink_magnolia_sapling":4,"regions_unexplored:purple_coneflower":13,"regions_unexplored:hyssop":8,"minecraft:arrow":2,"farmersdelight:onion":6,"regions_unexplored:mauve_log":6,"minecraft:mutton":3,"minecraft:white_wool":2,"minecraft:coal":27,"minecraft:cobblestone":20},"minecraft:dropped":{"minecraft:flower_pot":1,"minecraft:string":2},"minecraft:used":{"minecraft:oak_trapdoor":2,"minecraft:oak_fence":1,"minecraft:stone_sword":2,"minecraft:stone_pickaxe":45,"minecraft:oak_sign":3,"minecraft:chest":1,"minecraft:wooden_pickaxe":18,"minecraft:dirt":4,"minecraft:crafting_table":4,"minecraft:red_bed":1,"minecraft:wooden_axe":12,"minecraft:flower_pot":8,"minecraft:bread":5,"minecraft:stone_axe":135,"minecraft:cobblestone":4,"spartanshields:copper_basic_shield":5,"minecraft:cooked_porkchop":4,"quark:oak_chest":4,"alexsdelight:cooked_bison":1},"minecraft:mined":{"minecraft:white_bed":1,"minecraft:red_bed":1,"regions_unexplored:white_magnolia_leaves":1,"exoticbirds:nest":2,"regions_unexplored:magnolia_log":35,"regions_unexplored:pink_magnolia_shrub":1,"minecraft:oak_fence":1,"minecraft:crafting_table":2,"minecraft:grass_block":4,"regions_unexplored:pink_magnolia_leaves":2,"minecraft:chest":2,"minecraft:tall_grass":8,"minecraft:copper_ore":1,"regions_unexplored:magnolia_leaves":3,"regions_unexplored:mauve_log":6,"regions_unexplored:purple_coneflower":4,"regions_unexplored:daisy":3,"minecraft:deepslate_copper_ore":3,"farmersdelight:wild_onions":7,"regions_unexplored:hyssop":10,"minecraft:oak_trapdoor":3,"minecraft:iron_ore":3,"regions_unexplored:mauve_leaves":1,"minecraft:grass":10,"minecraft:bookshelf":8,"minecraft:oak_log":22,"minecraft:coal_ore":27,"minecraft:oak_stairs":2,"minecraft:flower_pot":10,"minecraft:gravel":1,"minecraft:dirt":4,"regions_unexplored:medium_grass":12,"minecraft:stone":20,"regions_unexplored:day_lily":2,"minecraft:fern":3}},"DataVersion":3465}