{"stats":{"minecraft:custom":{"minecraft:interact_with_furnace":5,"minecraft:interact_with_crafting_table":13,"minecraft:time_since_death":48152,"minecraft:sleep_in_bed":1,"minecraft:time_since_rest":37818,"minecraft:waystone_activated":1,"minecraft:sprint_one_cm":46280,"minecraft:damage_taken":160,"minecraft:walk_one_cm":106527,"minecraft:drop":1,"minecraft:swim_one_cm":18015,"minecraft:fly_one_cm":28701,"minecraft:open_chest":26,"minecraft:crouch_one_cm":2676,"minecraft:play_time":48152,"minecraft:sneak_time":782,"minecraft:walk_under_water_one_cm":3717,"minecraft:jump":218,"minecraft:walk_on_water_one_cm":4058,"minecraft:total_world_time":48152,"minecraft:fall_one_cm":5512},"minecraft:crafted":{"minecraft:oak_planks":88,"minecraft:oak_sign":6,"minecraft:crafting_table":2,"minecraft:wooden_pickaxe":1,"minecraft:copper_ingot":14,"minecraft:stone_axe":2,"spartanshields:copper_basic_shield":1,"minecraft:air":0,"minecraft:stick":20,"quark:oak_chest":6,"minecraft:stone_pickaxe":2,"minecraft:wooden_axe":1,"minecraft:stone_sword":1,"spartanshields:wooden_basic_shield":1},"minecraft:picked_up":{"minecraft:crafting_table":2,"farmersdelight:rice":7,"minecraft:flower_pot":11,"minecraft:oak_stairs":2,"minecraft:oak_log":22,"minecraft:oak_trapdoor":2,"minecraft:dirt":8,"minecraft:red_bed":1,"minecraft:raw_copper":14,"alexsdelight:cooked_bison":1,"minecraft:wheat_seeds":2,"minecraft:chest":2,"minecraft:book":24,"minecraft:raw_iron":3,"minecraft:oak_fence":1,"minecraft:gravel":1,"minecraft:white_bed":1,"minecraft:spruce_log":4,"regions_unexplored:daisy":3,"regions_unexplored:purple_coneflower":13,"regions_unexplored:hyssop":8,"regions_unexplored:mauve_log":6,"minecraft:coal":25,"minecraft:cobblestone":20},"minecraft:dropped":{"minecraft:flower_pot":1},"minecraft:used":{"minecraft:oak_trapdoor":2,"minecraft:oak_fence":1,"minecraft:stone_pickaxe":43,"minecraft:oak_sign":3,"minecraft:chest":1,"minecraft:wooden_pickaxe":18,"minecraft:dirt":4,"minecraft:crafting_table":4,"minecraft:red_bed":1,"minecraft:wooden_axe":12,"minecraft:flower_pot":7,"minecraft:bread":5,"minecraft:stone_axe":45,"minecraft:cobblestone":4,"quark:oak_chest":4},"minecraft:mined":{"minecraft:white_bed":1,"minecraft:red_bed":1,"minecraft:oak_fence":1,"minecraft:crafting_table":2,"minecraft:grass_block":4,"minecraft:chest":2,"minecraft:tall_grass":3,"minecraft:copper_ore":1,"regions_unexplored:mauve_log":6,"regions_unexplored:purple_coneflower":4,"regions_unexplored:daisy":3,"minecraft:deepslate_copper_ore":3,"regions_unexplored:hyssop":10,"minecraft:oak_trapdoor":3,"minecraft:iron_ore":3,"regions_unexplored:mauve_leaves":1,"minecraft:grass":4,"minecraft:bookshelf":8,"minecraft:oak_log":22,"minecraft:coal_ore":25,"minecraft:oak_stairs":2,"minecraft:flower_pot":10,"minecraft:gravel":1,"minecraft:dirt":4,"regions_unexplored:medium_grass":3,"minecraft:stone":20,"minecraft:fern":1}},"DataVersion":3465}