{"stats":{"minecraft:custom":{"minecraft:time_since_rest":25818,"minecraft:waystone_activated":1,"minecraft:sprint_one_cm":29794,"minecraft:damage_taken":160,"minecraft:walk_one_cm":73923,"minecraft:drop":1,"minecraft:interact_with_crafting_table":4,"minecraft:fly_one_cm":21403,"minecraft:open_chest":12,"minecraft:crouch_one_cm":2676,"minecraft:play_time":36152,"minecraft:sneak_time":772,"minecraft:walk_under_water_one_cm":1770,"minecraft:jump":162,"minecraft:walk_on_water_one_cm":1564,"minecraft:time_since_death":36152,"minecraft:sleep_in_bed":1,"minecraft:total_world_time":36152,"minecraft:fall_one_cm":5303},"minecraft:crafted":{"minecraft:oak_planks":88,"minecraft:oak_sign":3,"minecraft:crafting_table":2,"minecraft:stick":20,"quark:oak_chest":6,"minecraft:stone_pickaxe":2,"minecraft:wooden_pickaxe":1,"minecraft:wooden_axe":1,"minecraft:stone_sword":1,"minecraft:stone_axe":2},"minecraft:picked_up":{"minecraft:book":24,"minecraft:raw_iron":3,"minecraft:crafting_table":1,"farmersdelight:rice":7,"minecraft:flower_pot":11,"minecraft:oak_fence":1,"minecraft:oak_stairs":2,"minecraft:gravel":1,"minecraft:oak_log":22,"minecraft:white_bed":1,"minecraft:spruce_log":4,"minecraft:dirt":8,"minecraft:oak_trapdoor":2,"minecraft:red_bed":1,"minecraft:raw_copper":14,"regions_unexplored:purple_coneflower":13,"alexsdelight:cooked_bison":1,"minecraft:wheat_seeds":1,"minecraft:chest":1,"minecraft:coal":25,"minecraft:cobblestone":20},"minecraft:dropped":{"minecraft:flower_pot":1},"minecraft:used":{"minecraft:oak_fence":1,"minecraft:oak_trapdoor":2,"minecraft:wooden_axe":12,"minecraft:flower_pot":7,"minecraft:bread":4,"minecraft:stone_pickaxe":43,"minecraft:oak_sign":1,"minecraft:chest":1,"minecraft:wooden_pickaxe":18,"minecraft:stone_axe":17,"minecraft:dirt":4,"minecraft:cobblestone":4,"minecraft:crafting_table":3,"minecraft:red_bed":1,"quark:oak_chest":3},"minecraft:mined":{"minecraft:white_bed":1,"minecraft:oak_trapdoor":3,"minecraft:red_bed":1,"minecraft:iron_ore":3,"minecraft:oak_fence":1,"minecraft:crafting_table":1,"minecraft:grass":1,"minecraft:bookshelf":8,"minecraft:coal_ore":25,"minecraft:grass_block":4,"minecraft:oak_log":22,"minecraft:chest":1,"minecraft:oak_stairs":2,"minecraft:gravel":1,"minecraft:flower_pot":10,"minecraft:dirt":4,"minecraft:copper_ore":1,"minecraft:tall_grass":2,"regions_unexplored:medium_grass":2,"regions_unexplored:purple_coneflower":4,"minecraft:stone":20,"minecraft:deepslate_copper_ore":3}},"DataVersion":3465}