{"stats":{"minecraft:custom":{"minecraft:time_since_rest":1818,"minecraft:sprint_one_cm":12015,"minecraft:walk_one_cm":38423,"minecraft:drop":1,"minecraft:interact_with_crafting_table":3,"minecraft:fly_one_cm":4997,"minecraft:open_chest":9,"minecraft:crouch_one_cm":1913,"minecraft:play_time":12152,"minecraft:sneak_time":591,"minecraft:jump":71,"minecraft:time_since_death":12152,"minecraft:sleep_in_bed":1,"minecraft:total_world_time":12152,"minecraft:fall_one_cm":1641},"minecraft:crafted":{"minecraft:oak_planks":88,"minecraft:oak_sign":3,"minecraft:crafting_table":1,"minecraft:stick":20,"minecraft:stone_pickaxe":2,"minecraft:wooden_pickaxe":1,"minecraft:wooden_axe":1,"minecraft:stone_sword":1,"minecraft:stone_axe":2},"minecraft:picked_up":{"minecraft:crafting_table":1,"minecraft:flower_pot":11,"minecraft:oak_fence":1,"minecraft:oak_stairs":2,"minecraft:oak_log":22,"minecraft:oak_trapdoor":2,"minecraft:red_bed":1,"minecraft:cobblestone":18},"minecraft:dropped":{"minecraft:flower_pot":1},"minecraft:used":{"minecraft:oak_fence":1,"minecraft:oak_trapdoor":2,"minecraft:wooden_axe":12,"minecraft:flower_pot":7,"minecraft:stone_pickaxe":5,"minecraft:oak_sign":1,"minecraft:wooden_pickaxe":18,"minecraft:stone_axe":7,"minecraft:crafting_table":2,"minecraft:red_bed":1},"minecraft:mined":{"minecraft:oak_trapdoor":3,"minecraft:red_bed":1,"minecraft:oak_fence":1,"minecraft:crafting_table":1,"minecraft:oak_log":22,"minecraft:oak_stairs":2,"minecraft:flower_pot":10,"minecraft:tall_grass":2,"minecraft:stone":18}},"DataVersion":3465}