{
  "takesapillage:root": {
    "criteria": {
      "always": "2024-07-14 02:10:07 +0000"
    },
    "done": true
  },
  "exoticbirds:default/root": {
    "criteria": {
      "launch_mod": "2024-07-14 02:10:07 +0000"
    },
    "done": true
  },
  "mowziesmobs:root": {
    "criteria": {
      "custom_test_name": "2024-07-14 02:10:07 +0000"
    },
    "done": true
  },
  "betterdungeons:root": {
    "criteria": {
      "always": "2024-07-14 02:10:07 +0000"
    },
    "done": true
  },
  "dungeons_arise:wda_root": {
    "criteria": {
      "WDA": "2024-07-14 02:10:07 +0000"
    },
    "done": true
  },
  "farmersdelight:main/root": {
    "criteria": {
      "seeds": "2024-07-14 02:10:07 +0000"
    },
    "done": true
  },
  "betterdeserttemples:root": {
    "criteria": {
      "always": "2024-07-14 02:10:07 +0000"
    },
    "done": true
  },
  "minecraft:adventure/adventuring_time": {
    "criteria": {
      "minecraft:sunflower_plains": "2024-07-14 02:59:44 +0000",
      "minecraft:beach": "2024-07-14 02:33:56 +0000",
      "minecraft:river": "2024-07-14 02:33:05 +0000",
      "minecraft:forest": "2024-07-14 02:10:08 +0000",
      "minecraft:ocean": "2024-07-14 02:34:26 +0000",
      "minecraft:flower_forest": "2024-07-14 02:35:18 +0000",
      "minecraft:plains": "2024-07-14 02:27:06 +0000"
    },
    "done": false
  },
  "regions_unexplored:parent": {
    "criteria": {
      "load_in_world": "2024-07-14 02:10:08 +0000"
    },
    "done": true
  },
  "aquamirae:adventure/root": {
    "criteria": {
      "crafting_table": "2024-07-14 02:25:48 +0000"
    },
    "done": true
  },
  "minecraft:story/root": {
    "criteria": {
      "crafting_table": "2024-07-14 02:25:48 +0000"
    },
    "done": true
  },
  "minecraft:story/mine_stone": {
    "criteria": {
      "get_stone": "2024-07-14 02:26:18 +0000"
    },
    "done": true
  },
  "minecraft:story/upgrade_tools": {
    "criteria": {
      "stone_pickaxe": "2024-07-14 02:27:14 +0000"
    },
    "done": true
  },
  "farlanders:root": {
    "criteria": {
      "attack_anything": "2024-07-14 02:28:39 +0000"
    },
    "done": true
  },
  "minecraft:adventure/root": {
    "criteria": {
      "killed_something": "2024-07-14 02:30:27 +0000"
    },
    "done": true
  },
  "minecraft:adventure/kill_all_mobs": {
    "criteria": {
      "minecraft:skeleton": "2024-07-14 02:38:02 +0000",
      "minecraft:spider": "2024-07-14 02:35:11 +0000",
      "minecraft:creeper": "2024-07-14 02:34:57 +0000",
      "minecraft:enderman": "2024-07-14 02:54:09 +0000",
      "minecraft:zombie": "2024-07-14 02:52:57 +0000",
      "minecraft:drowned": "2024-07-14 02:33:16 +0000"
    },
    "done": false
  },
  "minecraft:adventure/kill_a_mob": {
    "criteria": {
      "minecraft:drowned": "2024-07-14 02:33:16 +0000"
    },
    "done": true
  },
  "minecraft:husbandry/balanced_diet": {
    "criteria": {
      "cooked_porkchop": "2024-07-14 03:26:31 +0000",
      "cooked_mutton": "2024-07-14 02:36:27 +0000",
      "rotten_flesh": "2024-07-14 02:33:22 +0000",
      "cooked_chicken": "2024-07-14 03:03:56 +0000"
    },
    "done": false
  },
  "minecraft:husbandry/root": {
    "criteria": {
      "consumed_item": "2024-07-14 02:33:22 +0000"
    },
    "done": true
  },
  "minecraft:story/deflect_arrow": {
    "criteria": {
      "deflected_projectile": "2024-07-14 02:35:24 +0000"
    },
    "done": true
  },
  "regions_unexplored:pioneer": {
    "criteria": {
      "shrubland": "2024-07-14 02:53:47 +0000",
      "grassy_beach": "2024-07-14 02:56:07 +0000",
      "rocky_meadow": "2024-07-14 02:52:48 +0000",
      "flower_fields": "2024-07-14 02:55:39 +0000",
      "temperate_grove": "2024-07-14 03:24:05 +0000"
    },
    "done": false
  },
  "regions_unexplored:regions_explored": {
    "criteria": {
      "shrubland": "2024-07-14 02:53:47 +0000",
      "grassy_beach": "2024-07-14 02:56:07 +0000",
      "rocky_meadow": "2024-07-14 02:52:48 +0000",
      "flower_fields": "2024-07-14 02:55:39 +0000",
      "temperate_grove": "2024-07-14 03:24:05 +0000"
    },
    "done": false
  },
  "regions_unexplored:got_wood": {
    "criteria": {
      "mauve_log": "2024-07-14 02:59:07 +0000"
    },
    "done": false
  },
  "dungeons_arise:find_wishing_well": {
    "criteria": {
      "location0": "2024-07-14 03:01:31 +0000"
    },
    "done": true
  },
  "quark:get_all_corundum": {
    "criteria": {
      "orange": "2024-07-14 03:27:30 +0000"
    },
    "done": false
  },
  "minecraft:adventure/sleep_in_bed": {
    "criteria": {
      "slept_in_bed": "2024-07-14 03:29:06 +0000"
    },
    "done": true
  },
  "DataVersion": 3465
}