{
  "takesapillage:root": {
    "criteria": {
      "always": "2024-07-14 02:13:42 +0000"
    },
    "done": true
  },
  "exoticbirds:default/root": {
    "criteria": {
      "launch_mod": "2024-07-14 02:13:42 +0000"
    },
    "done": true
  },
  "mowziesmobs:root": {
    "criteria": {
      "custom_test_name": "2024-07-14 02:13:42 +0000"
    },
    "done": true
  },
  "betterdungeons:root": {
    "criteria": {
      "always": "2024-07-14 02:13:42 +0000"
    },
    "done": true
  },
  "dungeons_arise:wda_root": {
    "criteria": {
      "WDA": "2024-07-14 02:13:42 +0000"
    },
    "done": true
  },
  "farmersdelight:main/root": {
    "criteria": {
      "seeds": "2024-07-14 02:13:42 +0000"
    },
    "done": true
  },
  "betterdeserttemples:root": {
    "criteria": {
      "always": "2024-07-14 02:13:42 +0000"
    },
    "done": true
  },
  "minecraft:adventure/adventuring_time": {
    "criteria": {
      "minecraft:deep_ocean": "2024-07-14 04:16:39 +0000",
      "minecraft:sunflower_plains": "2024-07-14 02:56:50 +0000",
      "minecraft:birch_forest": "2024-07-14 04:13:11 +0000",
      "minecraft:beach": "2024-07-14 02:31:19 +0000",
      "minecraft:dark_forest": "2024-07-14 04:14:35 +0000",
      "minecraft:river": "2024-07-14 02:19:46 +0000",
      "minecraft:forest": "2024-07-14 02:13:43 +0000",
      "minecraft:ocean": "2024-07-14 02:42:24 +0000",
      "minecraft:flower_forest": "2024-07-14 02:30:42 +0000",
      "minecraft:meadow": "2024-07-14 02:20:15 +0000",
      "minecraft:plains": "2024-07-14 02:19:42 +0000"
    },
    "done": false
  },
  "regions_unexplored:parent": {
    "criteria": {
      "load_in_world": "2024-07-14 02:13:43 +0000"
    },
    "done": true
  },
  "minecraft:husbandry/root": {
    "criteria": {
      "consumed_item": "2024-07-14 02:14:03 +0000"
    },
    "done": true
  },
  "alexsmobs:alexsmobs/root": {
    "criteria": {
      "useitem": "2024-07-14 02:14:03 +0000"
    },
    "done": true
  },
  "farlanders:root": {
    "criteria": {
      "attack_anything": "2024-07-14 02:14:50 +0000"
    },
    "done": true
  },
  "aquamirae:adventure/root": {
    "criteria": {
      "crafting_table": "2024-07-14 02:19:15 +0000"
    },
    "done": true
  },
  "minecraft:story/root": {
    "criteria": {
      "crafting_table": "2024-07-14 02:19:15 +0000"
    },
    "done": true
  },
  "minecraft:adventure/root": {
    "criteria": {
      "killed_something": "2024-07-14 02:20:29 +0000"
    },
    "done": true
  },
  "minecraft:adventure/kill_all_mobs": {
    "criteria": {
      "minecraft:pillager": "2024-07-14 04:19:45 +0000",
      "minecraft:skeleton": "2024-07-14 02:33:35 +0000",
      "minecraft:vindicator": "2024-07-14 04:17:56 +0000",
      "minecraft:spider": "2024-07-14 02:20:29 +0000",
      "minecraft:creeper": "2024-07-14 02:34:11 +0000",
      "minecraft:witch": "2024-07-14 03:15:32 +0000",
      "minecraft:zombie": "2024-07-14 02:30:12 +0000",
      "minecraft:drowned": "2024-07-14 03:48:32 +0000"
    },
    "done": false
  },
  "minecraft:adventure/kill_a_mob": {
    "criteria": {
      "minecraft:spider": "2024-07-14 02:20:29 +0000"
    },
    "done": true
  },
  "minecraft:story/mine_stone": {
    "criteria": {
      "get_stone": "2024-07-14 02:21:16 +0000"
    },
    "done": true
  },
  "minecraft:husbandry/balanced_diet": {
    "criteria": {
      "cooked_mutton": "2024-07-14 02:25:19 +0000",
      "apple": "2024-07-14 02:30:49 +0000"
    },
    "done": false
  },
  "minecraft:story/upgrade_tools": {
    "criteria": {
      "stone_pickaxe": "2024-07-14 02:26:25 +0000"
    },
    "done": true
  },
  "regions_unexplored:pioneer": {
    "criteria": {
      "mauve_hills": "2024-07-14 04:07:22 +0000",
      "shrubland": "2024-07-14 02:50:08 +0000",
      "pine_taiga": "2024-07-14 04:14:21 +0000",
      "willow_forest": "2024-07-14 03:56:51 +0000",
      "grassy_beach": "2024-07-14 04:15:03 +0000",
      "rocky_meadow": "2024-07-14 02:49:51 +0000",
      "blackwood_taiga": "2024-07-14 04:14:42 +0000",
      "flower_fields": "2024-07-14 02:30:39 +0000",
      "magnolia_highlands": "2024-07-14 04:09:17 +0000",
      "temperate_grove": "2024-07-14 03:26:33 +0000",
      "lupine_plains": "2024-07-14 04:10:24 +0000"
    },
    "done": false
  },
  "regions_unexplored:regions_explored": {
    "criteria": {
      "mauve_hills": "2024-07-14 04:07:22 +0000",
      "shrubland": "2024-07-14 02:50:08 +0000",
      "pine_taiga": "2024-07-14 04:14:21 +0000",
      "willow_forest": "2024-07-14 03:56:51 +0000",
      "grassy_beach": "2024-07-14 04:15:03 +0000",
      "rocky_meadow": "2024-07-14 02:49:51 +0000",
      "blackwood_taiga": "2024-07-14 04:14:42 +0000",
      "flower_fields": "2024-07-14 02:30:39 +0000",
      "magnolia_highlands": "2024-07-14 04:09:17 +0000",
      "temperate_grove": "2024-07-14 03:26:33 +0000",
      "lupine_plains": "2024-07-14 04:10:24 +0000"
    },
    "done": false
  },
  "minecraft:story/deflect_arrow": {
    "criteria": {
      "deflected_projectile": "2024-07-14 02:33:33 +0000"
    },
    "done": true
  },
  "minecraft:adventure/sleep_in_bed": {
    "criteria": {
      "slept_in_bed": "2024-07-14 02:49:21 +0000"
    },
    "done": true
  },
  "minecraft:story/smelt_iron": {
    "criteria": {
      "iron": "2024-07-14 03:09:12 +0000"
    },
    "done": true
  },
  "quark:get_all_corundum": {
    "criteria": {
      "orange": "2024-07-14 03:25:52 +0000"
    },
    "done": false
  },
  "minecraft:story/obtain_armor": {
    "criteria": {
      "iron_boots": "2024-07-14 04:21:42 +0000"
    },
    "done": true
  },
  "dungeons_arise:find_illager_corsair_or_illager_galley": {
    "criteria": {
      "location1": "2024-07-14 04:17:15 +0000"
    },
    "done": true
  },
  "DataVersion": 3465
}