{
  "regions_unexplored:pioneer": {
    "criteria": {
      "shrubland": "2024-07-14 04:36:04 +0000",
      "pine_taiga": "2024-07-14 04:34:15 +0000",
      "willow_forest": "2024-07-14 05:05:22 +0000",
      "grassy_beach": "2024-07-14 05:04:52 +0000",
      "rocky_meadow": "2024-07-14 04:48:55 +0000",
      "magnolia_highlands": "2024-07-14 04:54:35 +0000",
      "temperate_grove": "2024-07-14 04:13:08 +0000"
    },
    "done": false
  },
  "takesapillage:root": {
    "criteria": {
      "always": "2024-07-14 04:09:46 +0000"
    },
    "done": true
  },
  "exoticbirds:default/root": {
    "criteria": {
      "launch_mod": "2024-07-14 04:09:46 +0000"
    },
    "done": true
  },
  "minecraft:adventure/sleep_in_bed": {
    "criteria": {
      "slept_in_bed": "2024-07-14 04:17:59 +0000"
    },
    "done": true
  },
  "minecraft:adventure/root": {
    "criteria": {
      "killed_something": "2024-07-14 04:51:20 +0000"
    },
    "done": true
  },
  "minecraft:adventure/kill_all_mobs": {
    "criteria": {
      "minecraft:skeleton": "2024-07-14 04:56:29 +0000",
      "minecraft:spider": "2024-07-14 04:51:20 +0000"
    },
    "done": false
  },
  "mowziesmobs:root": {
    "criteria": {
      "custom_test_name": "2024-07-14 04:09:46 +0000"
    },
    "done": true
  },
  "minecraft:story/deflect_arrow": {
    "criteria": {
      "deflected_projectile": "2024-07-14 04:56:18 +0000"
    },
    "done": true
  },
  "betterdungeons:root": {
    "criteria": {
      "always": "2024-07-14 04:09:46 +0000"
    },
    "done": true
  },
  "minecraft:adventure/kill_a_mob": {
    "criteria": {
      "minecraft:spider": "2024-07-14 04:51:20 +0000"
    },
    "done": true
  },
  "minecraft:adventure/adventuring_time": {
    "criteria": {
      "minecraft:river": "2024-07-14 04:36:12 +0000",
      "minecraft:forest": "2024-07-14 04:09:47 +0000",
      "minecraft:ocean": "2024-07-14 05:07:19 +0000",
      "minecraft:plains": "2024-07-14 04:10:09 +0000"
    },
    "done": false
  },
  "dungeons_arise:wda_root": {
    "criteria": {
      "WDA": "2024-07-14 04:09:46 +0000"
    },
    "done": true
  },
  "farlanders:root": {
    "criteria": {
      "attack_anything": "2024-07-14 04:51:15 +0000"
    },
    "done": true
  },
  "minecraft:husbandry/balanced_diet": {
    "criteria": {
      "cooked_porkchop": "2024-07-14 04:54:14 +0000",
      "cooked_mutton": "2024-07-14 05:00:49 +0000",
      "bread": "2024-07-14 04:36:02 +0000"
    },
    "done": false
  },
  "regions_unexplored:regions_explored": {
    "criteria": {
      "shrubland": "2024-07-14 04:36:04 +0000",
      "pine_taiga": "2024-07-14 04:34:15 +0000",
      "willow_forest": "2024-07-14 05:05:22 +0000",
      "grassy_beach": "2024-07-14 05:04:52 +0000",
      "rocky_meadow": "2024-07-14 04:48:55 +0000",
      "magnolia_highlands": "2024-07-14 04:54:35 +0000",
      "temperate_grove": "2024-07-14 04:13:08 +0000"
    },
    "done": false
  },
  "minecraft:story/mine_stone": {
    "criteria": {
      "get_stone": "2024-07-14 04:12:49 +0000"
    },
    "done": true
  },
  "minecraft:husbandry/root": {
    "criteria": {
      "consumed_item": "2024-07-14 04:36:02 +0000"
    },
    "done": true
  },
  "farmersdelight:main/root": {
    "criteria": {
      "seeds": "2024-07-14 04:09:46 +0000"
    },
    "done": true
  },
  "betterdeserttemples:root": {
    "criteria": {
      "always": "2024-07-14 04:09:46 +0000"
    },
    "done": true
  },
  "minecraft:story/upgrade_tools": {
    "criteria": {
      "stone_pickaxe": "2024-07-14 04:14:03 +0000"
    },
    "done": true
  },
  "aquamirae:adventure/root": {
    "criteria": {
      "crafting_table": "2024-07-14 04:12:11 +0000"
    },
    "done": true
  },
  "regions_unexplored:got_wood": {
    "criteria": {
      "magnolia_log": "2024-07-14 04:55:43 +0000",
      "mauve_log": "2024-07-14 04:48:59 +0000"
    },
    "done": false
  },
  "farmersdelight:main/get_fd_seed": {
    "criteria": {
      "cabbage_seeds": "2024-07-14 04:38:35 +0000"
    },
    "done": true
  },
  "minecraft:story/root": {
    "criteria": {
      "crafting_table": "2024-07-14 04:12:11 +0000"
    },
    "done": true
  },
  "regions_unexplored:parent": {
    "criteria": {
      "load_in_world": "2024-07-14 04:09:47 +0000"
    },
    "done": true
  },
  "DataVersion": 3465
}